-- phpMyAdmin SQL Dump
-- version 4.9.1
-- https://www.phpmyadmin.net/
--
-- Host: 127.0.0.1
-- Generation Time: Jun 15, 2021 at 12:48 PM
-- Server version: 10.4.8-MariaDB
-- PHP Version: 7.3.11

SET SQL_MODE = "NO_AUTO_VALUE_ON_ZERO";
SET AUTOCOMMIT = 0;
START TRANSACTION;
SET time_zone = "+00:00";


/*!40101 SET @OLD_CHARACTER_SET_CLIENT=@@CHARACTER_SET_CLIENT */;
/*!40101 SET @OLD_CHARACTER_SET_RESULTS=@@CHARACTER_SET_RESULTS */;
/*!40101 SET @OLD_COLLATION_CONNECTION=@@COLLATION_CONNECTION */;
/*!40101 SET NAMES utf8mb4 */;

--
-- Database: `apsystem`
--

-- --------------------------------------------------------

--
-- Table structure for table `admin`
--

CREATE TABLE `admin` (
  `id` int(11) NOT NULL,
  `username` varchar(30) NOT NULL,
  `password` varchar(60) NOT NULL,
  `firstname` varchar(50) NOT NULL,
  `lastname` varchar(50) NOT NULL,
  `photo` varchar(200) NOT NULL,
  `created_on` date NOT NULL
) ENGINE=InnoDB DEFAULT CHARSET=latin1;

--
-- Dumping data for table `admin`
--

INSERT INTO `admin` (`id`, `username`, `password`, `firstname`, `lastname`, `photo`, `created_on`) VALUES
(1, 'admin', '$2y$10$fCOiMky4n5hCJx3cpsG20Od4wHtlkCLKmO6VLobJNRIg9ooHTkgjK', 'Nicko', 'Sanchez', 'male6.jpg', '2018-04-30');

-- --------------------------------------------------------

--
-- Table structure for table `attendance`
--

CREATE TABLE `attendance` (
  `id` int(11) NOT NULL,
  `employee_id` varchar(50) NOT NULL,
  `date` date NOT NULL,
  `time_in` varchar(20) NOT NULL,
  `status` int(1) NOT NULL,
  `time_out` varchar(20) NOT NULL DEFAULT '00:00:00',
  `num_hr` double NOT NULL DEFAULT 0
) ENGINE=InnoDB DEFAULT CHARSET=latin1;

--
-- Dumping data for table `attendance`
--

INSERT INTO `attendance` (`id`, `employee_id`, `date`, `time_in`, `status`, `time_out`, `num_hr`) VALUES
(365, 'JFL238096514', '2020-08-25', '08:00:00', 1, '17:00:00', 8.25),
(366, 'JFL238096514', '2020-08-26', '08:00:00', 1, '17:00:00', 8.25),
(367, 'JFL238096514', '2020-08-27', '08:00:00', 1, '17:00:00', 8.25),
(368, 'JFL238096514', '2020-08-28', '08:00:00', 1, '17:00:00', 8.25),
(369, 'JFL238096514', '2020-08-29', '08:00:00', 1, '17:00:00', 8.25),
(370, 'JFL238096514', '2020-09-01', '08:00:00', 1, '17:00:00', 8.25),
(371, 'JFL238096514', '2020-09-02', '08:00:00', 1, '17:00:00', 8.25),
(372, 'JFL238096514', '2020-09-03', '08:00:00', 1, '17:00:00', 8.25),
(373, 'JFL238096514', '2020-09-04', '08:00:00', 1, '17:00:00', 8.25),
(374, 'JFL238096514', '2020-09-05', '08:00:00', 1, '17:00:00', 8.25),
(375, 'JFL238096514', '2020-09-07', '08:00:00', 1, '17:00:00', 8.25),
(376, 'JFL238096514', '2020-09-08', '08:00:00', 1, '17:00:00', 8.25),
(377, 'JFL238096514', '2020-09-09', '08:00:00', 1, '05:00:00', 8.25),
(378, 'JFL238096514', '2020-09-10', '08:00:00', 1, '17:00:00', 8.25),
(379, 'JFL238096514', '2020-09-11', '08:00:00', 1, '17:00:00', 8.25),
(380, 'JFL238096514', '2020-09-12', '08:00:00', 1, '17:00:00', 8.25),
(381, 'JFL238096514', '2020-09-14', '08:00:00', 1, '17:00:00', 8.25),
(382, 'JFL238096514', '2020-09-15', '08:00:00', 1, '17:00:00', 8.25),
(383, 'JFL238096514', '2020-09-16', '08:00:00', 1, '17:00:00', 8.25),
(384, 'JFL238096514', '2020-09-17', '08:00:00', 1, '17:00:00', 8.25),
(385, 'JFL238096514', '2020-09-18', '08:00:00', 1, '17:00:00', 8.25),
(386, 'JFL238096514', '2020-09-19', '08:00:00', 1, '17:00:00', 8.25),
(387, 'JFL238096514', '2020-09-21', '08:00:00', 1, '17:00:00', 8.25),
(388, 'JFL238096514', '2020-09-22', '08:00:00', 1, '17:00:00', 8.25),
(389, 'JFL238096514', '2020-09-23', '08:00:00', 1, '17:00:00', 8.25),
(390, 'JFL238096514', '2020-09-24', '08:00:00', 1, '17:00:00', 8.25),
(391, 'JFL238096514', '2020-09-25', '08:00:00', 1, '17:00:00', 8.25),
(392, 'JFL238096514', '2020-09-26', '08:00:00', 1, '17:00:00', 8.25),
(393, 'JFL238096514', '2020-09-28', '08:00:00', 1, '17:00:00', 8.25),
(394, 'JFL238096514', '2020-09-29', '08:00:00', 1, '17:00:00', 8.25),
(395, 'JFL238096514', '2020-09-30', '8:00:00', 1, '17:00:00', 8.25),
(396, 'JFL238096514', '2020-10-01', '08:00:00', 1, '17:00:00', 8.25),
(397, 'JFL238096514', '2020-10-02', '08:00:00', 1, '17:00:00', 8.25),
(398, 'JFL238096514', '2020-10-03', '08:00:00', 1, '17:00:00', 8.25),
(399, 'JFL238096514', '2020-10-05', '08:00:00', 1, '17:00:00', 8.25),
(400, 'JFL238096514', '2020-10-06', '08:00:00', 1, '17:00:00', 8.25),
(401, 'JFL238096514', '2020-10-07', '08:00:00', 1, '17:00:00', 8.25),
(402, 'JFL238096514', '2020-10-08', '08:00:00', 1, '17:00:00', 8.25),
(403, 'JFL238096514', '2020-10-09', '08:00:00', 1, '17:00:00', 8.25),
(404, 'JFL238096514', '2020-10-10', '08:00:00', 1, '17:00:00', 8.25),
(405, 'JFL238096514', '2020-10-12', '08:00:00', 1, '17:00:00', 8.25),
(406, 'JFL238096514', '2020-10-13', '08:00:00', 1, '17:00:00', 8.25),
(407, 'JFL238096514', '2020-10-14', '08:00:00', 1, '17:00:00', 8.25),
(408, 'JFL238096514', '2020-10-15', '08:00:00', 1, '17:00:00', 8.25),
(409, 'JFL238096514', '2020-10-16', '08:00:00', 1, '17:00:00', 8.25),
(410, 'JFL238096514', '2020-10-17', '08:00:00', 1, '17:00:00', 8.25),
(411, 'JFL238096514', '2020-10-19', '08:00:00', 1, '17:00:00', 8.25),
(412, 'JFL238096514', '2020-10-20', '08:00:00', 1, '17:00:00', 8.25),
(413, 'JFL238096514', '2020-10-21', '08:00:00', 1, '17:00:00', 8.25),
(414, 'JFL238096514', '2020-10-22', '08:00:00', 1, '17:00:00', 8.25),
(415, 'JFL238096514', '2020-10-23', '08:00:00', 1, '17:00:00', 8.25),
(416, 'JFL238096514', '2020-10-24', '08:00:00', 1, '17:00:00', 8.25),
(417, 'JFL238096514', '2020-10-26', '08:00:00', 1, '17:00:00', 8.25),
(418, 'JFL238096514', '2020-10-27', '08:00:00', 1, '17:00:00', 8.25),
(419, 'JFL238096514', '2020-10-28', '08:00:00', 1, '17:00:00', 8.25),
(420, 'JFL238096514', '2020-10-29', '08:00:00', 1, '17:00:00', 8.25),
(421, 'JFL238096514', '2020-10-30', '08:00:00', 1, '17:00:00', 8.25),
(422, 'JFL238096514', '2020-10-31', '08:00:00', 1, '17:00:00', 8.25),
(423, 'JFL238096514', '2020-11-03', '08:00:00', 1, '17:00:00', 8.25),
(424, 'JFL238096514', '2020-11-04', '08:00:00', 1, '17:00:00', 8.25),
(425, 'JFL238096514', '2020-11-05', '08:00:00', 1, '17:00:00', 8.25),
(426, 'JFL238096514', '2020-11-06', '08:00:00', 1, '17:00:00', 8.25),
(427, 'JFL238096514', '2020-11-07', '08:00:00', 1, '17:00:00', 8.25),
(428, 'JFL238096514', '2020-11-09', '08:00:00', 1, '17:00:00', 8.25),
(429, 'JFL238096514', '2020-11-10', '08:00:00', 1, '17:00:00', 8.25),
(430, 'IPW870512964', '2021-01-26', '08:00:00', 1, '17:00:00', 8),
(431, 'IPW870512964', '2021-01-27', '08:00:00', 1, '17:00:00', 8),
(432, 'IPW870512964', '2021-01-28', '08:00:00', 1, '17:00:00', 8),
(433, 'IPW870512964', '2021-01-29', '08:00:00', 1, '17:00:00', 8),
(434, 'IPW870512964', '2021-01-30', '08:00:00', 1, '17:00:00', 8),
(435, 'IPW870512964', '2021-02-01', '08:00:00', 1, '17:00:00', 8),
(436, 'IPW870512964', '2021-02-02', '08:00:00', 1, '17:00:00', 8),
(437, 'IPW870512964', '2021-02-03', '08:00:00', 1, '17:00:00', 8),
(438, 'IPW870512964', '2021-02-04', '08:00:00', 1, '17:00:00', 8),
(439, 'IPW870512964', '2021-02-05', '08:00:00', 1, '17:00:00', 8),
(440, 'IPW870512964', '2021-02-06', '08:00:00', 1, '17:00:00', 8),
(441, 'IPW870512964', '2021-02-08', '08:00:00', 1, '17:00:00', 8),
(442, 'IPW870512964', '2021-02-09', '08:00:00', 1, '17:00:00', 8),
(443, 'IPW870512964', '2021-02-10', '08:00:00', 1, '17:00:00', 8),
(444, 'IPW870512964', '2021-02-11', '08:00:00', 1, '17:00:00', 8),
(445, 'IPW870512964', '2021-02-13', '08:00:00', 1, '17:00:00', 8),
(446, 'IPW870512964', '2021-02-15', '08:00:00', 1, '17:00:00', 8),
(447, 'IPW870512964', '2021-02-16', '08:00:00', 1, '17:00:00', 8),
(448, 'IPW870512964', '2021-02-17', '08:00:00', 1, '17:00:00', 8),
(449, 'IPW870512964', '2021-02-18', '08:00:00', 1, '17:00:00', 8),
(450, 'IPW870512964', '2021-02-19', '08:00:00', 1, '17:00:00', 8),
(451, 'IPW870512964', '2021-02-20', '08:00:00', 1, '17:00:00', 8),
(452, 'IPW870512964', '2021-02-22', '08:00:00', 1, '17:00:00', 8),
(453, 'IPW870512964', '2021-02-23', '08:00:00', 1, '17:00:00', 8),
(454, 'IPW870512964', '2021-02-24', '08:00:00', 1, '17:00:00', 8),
(455, 'IPW870512964', '2021-02-26', '08:00:00', 1, '17:00:00', 8),
(456, 'IPW870512964', '2021-02-27', '08:00:00', 1, '17:00:00', 8),
(457, 'IPW870512964', '2021-03-01', '08:00:00', 1, '17:00:00', 8),
(458, 'IPW870512964', '2021-03-02', '08:00:00', 1, '17:00:00', 8),
(459, 'IPW870512964', '2021-03-03', '08:00:00', 1, '17:00:00', 8),
(460, 'IPW870512964', '2021-03-04', '08:00:00', 1, '17:00:00', 8),
(461, 'IPW870512964', '2021-03-05', '08:00:00', 1, '17:00:00', 8),
(462, 'IPW870512964', '2021-03-06', '08:00:00', 1, '17:00:00', 8),
(463, 'IPW870512964', '2021-03-08', '08:00:00', 1, '17:00:00', 8),
(464, 'IPW870512964', '2021-03-09', '08:00:00', 1, '17:00:00', 8),
(465, 'IPW870512964', '2021-03-10', '08:00:00', 1, '17:00:00', 8),
(466, 'DOV530761948', '2021-01-26', '08:00:00', 1, '17:00:00', 8),
(467, 'DOV530761948', '2021-01-27', '08:00:00', 1, '17:00:00', 8),
(468, 'DOV530761948', '2021-01-28', '08:00:00', 1, '17:00:00', 8),
(469, 'DOV530761948', '2021-01-29', '08:00:00', 1, '17:00:00', 8),
(470, 'DOV530761948', '2021-01-30', '08:00:00', 1, '17:00:00', 8),
(471, 'DOV530761948', '2021-02-01', '08:00:00', 1, '17:00:00', 8),
(472, 'DOV530761948', '2021-02-02', '08:00:00', 1, '17:00:00', 8),
(473, 'DOV530761948', '2021-02-03', '08:00:00', 1, '17:00:00', 8),
(474, 'DOV530761948', '2021-02-04', '08:00:00', 1, '17:00:00', 8),
(475, 'DOV530761948', '2021-02-05', '08:00:00', 1, '17:00:00', 8),
(476, 'DOV530761948', '2021-02-06', '08:00:00', 1, '17:00:00', 8),
(477, 'DOV530761948', '2021-02-08', '08:00:00', 1, '17:00:00', 8),
(478, 'DOV530761948', '2021-02-09', '08:00:00', 1, '17:00:00', 8),
(479, 'DOV530761948', '2021-02-10', '08:00:00', 1, '17:00:00', 8),
(480, 'DOV530761948', '2021-02-11', '08:00:00', 1, '17:00:00', 8),
(481, 'DOV530761948', '2021-02-13', '08:00:00', 1, '17:00:00', 8),
(482, 'DOV530761948', '2021-02-15', '08:00:00', 1, '17:00:00', 8),
(483, 'DOV530761948', '2021-02-16', '08:00:00', 1, '17:00:00', 8),
(484, 'DOV530761948', '2021-02-17', '08:00:00', 1, '17:00:00', 8),
(485, 'DOV530761948', '2021-02-18', '08:00:00', 1, '17:00:00', 8),
(486, 'DOV530761948', '2021-02-19', '08:00:00', 1, '17:00:00', 8),
(487, 'DOV530761948', '2021-02-20', '08:00:00', 1, '17:00:00', 8),
(488, 'DOV530761948', '2021-02-22', '08:00:00', 1, '17:00:00', 8),
(489, 'DOV530761948', '2021-02-23', '08:00:00', 1, '17:00:00', 8),
(490, 'DOV530761948', '2021-02-24', '08:00:00', 1, '17:00:00', 8),
(491, 'DOV530761948', '2021-02-26', '08:00:00', 1, '17:00:00', 8),
(492, 'DOV530761948', '2021-02-27', '08:00:00', 1, '17:00:00', 8),
(493, 'DOV530761948', '2021-03-01', '08:00:00', 1, '17:00:00', 8),
(494, 'DOV530761948', '2021-03-02', '08:00:00', 1, '17:00:00', 8),
(495, 'DOV530761948', '2021-03-03', '08:00:00', 1, '17:00:00', 8),
(496, 'DOV530761948', '2021-03-04', '08:00:00', 1, '17:00:00', 8),
(497, 'DOV530761948', '2021-03-05', '08:00:00', 1, '17:00:00', 8),
(498, 'DOV530761948', '2021-03-06', '08:00:00', 1, '17:00:00', 8),
(499, 'DOV530761948', '2021-03-08', '08:00:00', 1, '17:00:00', 8),
(500, 'DOV530761948', '2021-03-09', '08:00:00', 1, '17:00:00', 8),
(501, 'DOV530761948', '2021-03-10', '08:00:00', 1, '17:00:00', 8),
(502, 'WBL265930147', '2021-01-26', '08:00:00', 1, '17:00:00', 8),
(503, 'WBL265930147', '2021-01-27', '08:00:00', 1, '17:00:00', 8),
(504, 'WBL265930147', '2021-01-28', '08:00:00', 1, '17:00:00', 8),
(505, 'WBL265930147', '2021-01-29', '08:00:00', 1, '17:00:00', 8),
(506, 'WBL265930147', '2021-01-30', '08:00:00', 1, '17:00:00', 8),
(507, 'WBL265930147', '2021-02-01', '08:00:00', 1, '17:00:00', 8),
(508, 'WBL265930147', '2021-02-02', '08:00:00', 1, '17:00:00', 8),
(509, 'WBL265930147', '2021-02-03', '08:00:00', 1, '17:00:00', 8),
(510, 'WBL265930147', '2021-02-04', '08:00:00', 1, '17:00:00', 8),
(511, 'WBL265930147', '2021-02-05', '08:00:00', 1, '17:00:00', 8),
(512, 'WBL265930147', '2021-02-06', '08:00:00', 1, '17:00:00', 8),
(513, 'WBL265930147', '2021-02-08', '08:00:00', 1, '17:00:00', 8),
(514, 'WBL265930147', '2021-02-09', '08:00:00', 1, '17:00:00', 8),
(515, 'WBL265930147', '2021-02-10', '08:00:00', 1, '17:00:00', 8),
(516, 'WBL265930147', '2021-02-11', '08:00:00', 1, '17:00:00', 8),
(517, 'WBL265930147', '2021-02-13', '08:00:00', 1, '17:00:00', 8),
(518, 'WBL265930147', '2021-02-15', '08:00:00', 1, '17:00:00', 8),
(519, 'WBL265930147', '2021-02-16', '08:00:00', 1, '17:00:00', 8),
(520, 'WBL265930147', '2021-02-17', '08:00:00', 1, '17:00:00', 8),
(521, 'WBL265930147', '2021-02-18', '08:00:00', 1, '17:00:00', 8),
(522, 'WBL265930147', '2021-02-19', '08:00:00', 1, '17:00:00', 8),
(523, 'WBL265930147', '2021-02-20', '08:00:00', 1, '17:00:00', 8),
(524, 'WBL265930147', '2021-02-22', '08:00:00', 1, '17:00:00', 8),
(525, 'WBL265930147', '2021-02-23', '08:00:00', 1, '17:00:00', 8),
(526, 'WBL265930147', '2021-02-24', '08:00:00', 1, '17:00:00', 8),
(527, 'WBL265930147', '2021-02-26', '08:00:00', 1, '17:00:00', 8),
(528, 'WBL265930147', '2021-02-27', '08:00:00', 1, '17:00:00', 8),
(529, 'WBL265930147', '2021-03-01', '08:00:00', 1, '17:00:00', 8),
(530, 'WBL265930147', '2021-03-02', '08:00:00', 1, '17:00:00', 8),
(531, 'WBL265930147', '2021-03-03', '08:00:00', 1, '17:00:00', 8),
(532, 'WBL265930147', '2021-03-04', '08:00:00', 1, '17:00:00', 8),
(533, 'WBL265930147', '2021-03-05', '08:00:00', 1, '17:00:00', 8),
(534, 'WBL265930147', '2021-03-06', '08:00:00', 1, '17:00:00', 8),
(535, 'WBL265930147', '2021-03-08', '08:00:00', 1, '17:00:00', 8),
(536, 'WBL265930147', '2021-03-09', '08:00:00', 1, '17:00:00', 8),
(537, 'WBL265930147', '2021-03-10', '08:00:00', 1, '17:00:00', 8),
(538, 'GMS568094312', '2021-01-26', '08:00:00', 1, '17:00:00', 8),
(539, 'GMS568094312', '2021-01-27', '08:00:00', 1, '17:00:00', 8),
(540, 'GMS568094312', '2021-01-28', '08:00:00', 1, '17:00:00', 8),
(541, 'GMS568094312', '2021-01-29', '08:00:00', 1, '17:00:00', 8),
(542, 'GMS568094312', '2021-01-30', '08:00:00', 1, '17:00:00', 8),
(543, 'GMS568094312', '2021-02-01', '08:00:00', 1, '17:00:00', 8),
(544, 'GMS568094312', '2021-02-02', '08:00:00', 1, '17:00:00', 8),
(545, 'GMS568094312', '2021-02-03', '08:00:00', 1, '17:00:00', 8),
(546, 'GMS568094312', '2021-02-04', '08:00:00', 1, '17:00:00', 8),
(547, 'GMS568094312', '2021-02-05', '08:00:00', 1, '17:00:00', 8),
(548, 'GMS568094312', '2021-02-06', '08:00:00', 1, '17:00:00', 8),
(549, 'GMS568094312', '2021-02-08', '08:00:00', 1, '17:00:00', 8),
(550, 'GMS568094312', '2021-02-09', '08:00:00', 1, '17:00:00', 8),
(551, 'GMS568094312', '2021-02-10', '08:00:00', 1, '17:00:00', 8),
(552, 'GMS568094312', '2021-02-11', '08:00:00', 1, '17:00:00', 8),
(553, 'GMS568094312', '2021-02-13', '08:00:00', 1, '17:00:00', 8),
(554, 'GMS568094312', '2021-02-15', '08:00:00', 1, '17:00:00', 8),
(555, 'GMS568094312', '2021-02-16', '08:00:00', 1, '17:00:00', 8),
(556, 'GMS568094312', '2021-02-17', '08:00:00', 1, '17:00:00', 8),
(557, 'GMS568094312', '2021-02-18', '08:00:00', 1, '17:00:00', 8),
(558, 'GMS568094312', '2021-02-19', '08:00:00', 1, '17:00:00', 8),
(559, 'GMS568094312', '2021-02-20', '08:00:00', 1, '17:00:00', 8),
(560, 'GMS568094312', '2021-02-22', '08:00:00', 1, '17:00:00', 8),
(561, 'GMS568094312', '2021-02-23', '08:00:00', 1, '17:00:00', 8),
(562, 'GMS568094312', '2021-02-24', '08:00:00', 1, '17:00:00', 8),
(563, 'GMS568094312', '2021-02-26', '08:00:00', 1, '17:00:00', 8),
(564, 'GMS568094312', '2021-02-27', '08:00:00', 1, '17:00:00', 8),
(565, 'GMS568094312', '2021-03-01', '08:00:00', 1, '17:00:00', 8),
(566, 'GMS568094312', '2021-03-02', '08:00:00', 1, '17:00:00', 8),
(567, 'GMS568094312', '2021-03-03', '08:00:00', 1, '17:00:00', 8),
(568, 'GMS568094312', '2021-03-04', '08:00:00', 1, '17:00:00', 8),
(569, 'GMS568094312', '2021-03-05', '08:00:00', 1, '17:00:00', 8),
(570, 'GMS568094312', '2021-03-06', '08:00:00', 1, '17:00:00', 8),
(571, 'GMS568094312', '2021-03-08', '08:00:00', 1, '17:00:00', 8),
(572, 'GMS568094312', '2021-03-09', '08:00:00', 1, '17:00:00', 8),
(573, 'GMS568094312', '2021-03-10', '08:00:00', 1, '17:00:00', 8),
(574, 'WTG620751894', '2020-09-26', '08:00:00', 1, '17:00:00', 8),
(575, 'WTG620751894', '2020-09-28', '08:00:00', 1, '17:00:00', 8),
(576, 'WTG620751894', '2020-09-29', '08:00:00', 1, '17:00:00', 8),
(577, 'WTG620751894', '2020-09-30', '08:00:00', 1, '17:00:00', 8),
(578, 'WTG620751894', '2020-10-01', '08:00:00', 1, '17:00:00', 8),
(579, 'WTG620751894', '2020-10-02', '08:00:00', 1, '17:00:00', 8),
(580, 'WTG620751894', '2020-10-03', '08:00:00', 1, '17:00:00', 8),
(581, 'WTG620751894', '2020-10-05', '08:00:00', 1, '17:00:00', 8),
(582, 'WTG620751894', '2020-10-06', '08:00:00', 1, '17:00:00', 8),
(583, 'WTG620751894', '2020-10-07', '08:00:00', 1, '17:00:00', 8),
(584, 'WTG620751894', '2020-10-08', '08:00:00', 1, '17:00:00', 8),
(585, 'WTG620751894', '2020-10-09', '08:00:00', 1, '17:00:00', 8),
(586, 'WTG620751894', '2020-10-10', '08:00:00', 1, '17:00:00', 8),
(587, 'WTG620751894', '2020-10-12', '08:00:00', 1, '17:00:00', 8),
(588, 'WTG620751894', '2020-10-13', '08:00:00', 1, '17:00:00', 8),
(589, 'WTG620751894', '2020-10-14', '08:00:00', 1, '17:00:00', 8),
(590, 'WTG620751894', '2020-10-15', '08:00:00', 1, '17:00:00', 8),
(591, 'WTG620751894', '2020-10-16', '08:00:00', 1, '17:00:00', 8),
(592, 'WTG620751894', '2020-10-17', '08:00:00', 1, '17:00:00', 8),
(593, 'WTG620751894', '2020-10-19', '08:00:00', 1, '17:00:00', 8),
(594, 'WTG620751894', '2020-10-20', '08:00:00', 1, '17:00:00', 8),
(595, 'WTG620751894', '2020-10-21', '08:00:00', 1, '17:00:00', 8),
(596, 'WTG620751894', '2020-10-22', '08:00:00', 1, '17:00:00', 8),
(597, 'WTG620751894', '2020-10-23', '08:00:00', 1, '17:00:00', 8),
(598, 'WTG620751894', '2020-10-24', '08:00:00', 1, '17:00:00', 8),
(599, 'WTG620751894', '2020-10-26', '08:00:00', 1, '17:00:00', 8),
(600, 'WTG620751894', '2020-10-27', '08:00:00', 1, '17:00:00', 8),
(601, 'WTG620751894', '2020-10-28', '08:00:00', 1, '17:00:00', 8),
(602, 'WTG620751894', '2020-10-29', '08:00:00', 1, '17:00:00', 8),
(603, 'WTG620751894', '2020-10-30', '08:00:00', 1, '17:00:00', 8),
(604, 'WTG620751894', '2020-10-31', '08:00:00', 1, '17:00:00', 8),
(605, 'WTG620751894', '2020-11-03', '08:00:00', 1, '17:00:00', 8),
(606, 'WTG620751894', '2020-11-04', '08:00:00', 1, '17:00:00', 8),
(607, 'WTG620751894', '2020-11-05', '08:00:00', 1, '17:00:00', 8),
(608, 'WTG620751894', '2020-11-06', '08:00:00', 1, '17:00:00', 8),
(609, 'WTG620751894', '2020-11-07', '08:00:00', 1, '17:00:00', 8),
(610, 'WTG620751894', '2020-11-09', '08:00:00', 1, '17:00:00', 8),
(611, 'WTG620751894', '2020-11-10', '08:00:00', 1, '17:00:00', 8),
(612, 'ZCY723461908', '2020-11-26', '08:00:00', 1, '17:00:00', 8),
(613, 'ZCY723461908', '2020-11-27', '08:00:00', 1, '17:00:00', 8),
(614, 'ZCY723461908', '2020-11-28', '08:00:00', 1, '17:00:00', 8),
(615, 'ZCY723461908', '2020-12-01', '08:00:00', 1, '17:00:00', 8),
(616, 'ZCY723461908', '2020-12-02', '08:00:00', 1, '17:00:00', 8),
(617, 'ZCY723461908', '2020-12-03', '08:00:00', 1, '17:00:00', 8),
(618, 'ZCY723461908', '2020-12-04', '08:00:00', 1, '17:00:00', 8),
(619, 'ZCY723461908', '2020-12-05', '08:00:00', 1, '17:00:00', 8),
(620, 'ZCY723461908', '2020-12-07', '08:00:00', 1, '17:00:00', 8),
(621, 'ZCY723461908', '2020-12-09', '08:00:00', 1, '17:00:00', 8),
(622, 'ZCY723461908', '2020-12-10', '08:00:00', 1, '17:00:00', 8),
(623, 'ZCY723461908', '2020-12-11', '08:00:00', 1, '17:00:00', 8),
(624, 'ZCY723461908', '2020-12-12', '08:00:00', 1, '17:00:00', 8),
(625, 'ZCY723461908', '2020-12-14', '08:00:00', 1, '17:00:00', 8),
(626, 'ZCY723461908', '2020-12-15', '08:00:00', 1, '17:00:00', 8),
(627, 'ZCY723461908', '2020-12-16', '08:00:00', 1, '17:00:00', 8),
(628, 'ZCY723461908', '2020-12-17', '08:00:00', 1, '17:00:00', 8),
(629, 'ZCY723461908', '2020-12-18', '08:00:00', 1, '17:00:00', 8),
(630, 'ZCY723461908', '2020-12-19', '08:00:00', 1, '17:00:00', 8),
(631, 'ZCY723461908', '2020-12-21', '08:00:00', 1, '17:00:00', 8),
(632, 'ZCY723461908', '2020-12-22', '08:00:00', 1, '17:00:00', 8),
(633, 'ZCY723461908', '2020-12-23', '08:00:00', 1, '17:00:00', 8),
(634, 'ZCY723461908', '2020-12-26', '08:00:00', 1, '17:00:00', 8),
(635, 'ZCY723461908', '2020-12-28', '08:00:00', 1, '17:00:00', 8),
(636, 'ZCY723461908', '2020-12-29', '08:00:00', 1, '17:00:00', 8),
(637, 'ZCY723461908', '2021-01-02', '08:00:00', 1, '17:00:00', 8),
(638, 'ZCY723461908', '2021-01-04', '08:00:00', 1, '17:00:00', 8),
(639, 'ZCY723461908', '2021-01-05', '08:00:00', 1, '17:00:00', 8),
(640, 'ZCY723461908', '2021-01-06', '08:00:00', 1, '17:00:00', 8),
(641, 'ZCY723461908', '2021-01-07', '08:00:00', 1, '17:00:00', 8),
(642, 'ZCY723461908', '2021-01-08', '08:00:00', 1, '17:00:00', 8),
(643, 'ZCY723461908', '2021-01-09', '08:00:00', 1, '17:00:00', 8),
(644, 'XFD967258041', '2021-01-26', '08:00:00', 1, '17:00:00', 8),
(645, 'XFD967258041', '2021-01-27', '08:00:00', 1, '17:00:00', 8),
(646, 'XFD967258041', '2021-01-28', '08:00:00', 1, '17:00:00', 8),
(647, 'XFD967258041', '2021-01-29', '08:00:00', 1, '17:00:00', 8),
(648, 'XFD967258041', '2021-01-30', '08:00:00', 1, '17:00:00', 8),
(649, 'XFD967258041', '2021-02-01', '08:00:00', 1, '17:00:00', 8),
(650, 'XFD967258041', '2021-02-02', '08:00:00', 1, '17:00:00', 8),
(651, 'XFD967258041', '2021-02-03', '08:00:00', 1, '17:00:00', 8),
(652, 'XFD967258041', '2021-02-04', '08:00:00', 1, '17:00:00', 8),
(653, 'XFD967258041', '2021-02-05', '08:00:00', 1, '17:00:00', 8),
(654, 'XFD967258041', '2021-02-06', '08:00:00', 1, '17:00:00', 8),
(655, 'XFD967258041', '2021-02-08', '08:00:00', 1, '17:00:00', 8),
(656, 'XFD967258041', '2021-02-09', '08:00:00', 1, '17:00:00', 8),
(657, 'XFD967258041', '2021-02-10', '08:00:00', 1, '17:00:00', 8),
(658, 'XFD967258041', '2021-02-11', '08:00:00', 1, '17:00:00', 8),
(659, 'XFD967258041', '2021-02-13', '08:00:00', 1, '17:00:00', 8),
(660, 'XFD967258041', '2021-02-15', '08:00:00', 1, '17:00:00', 8),
(661, 'XFD967258041', '2021-02-16', '08:00:00', 1, '17:00:00', 8),
(662, 'XFD967258041', '2021-02-17', '08:00:00', 1, '17:00:00', 8),
(663, 'XFD967258041', '2021-02-18', '08:00:00', 1, '17:00:00', 8),
(664, 'XFD967258041', '2021-02-19', '08:00:00', 1, '17:00:00', 8),
(665, 'XFD967258041', '2021-02-20', '08:00:00', 1, '17:00:00', 8),
(666, 'XFD967258041', '2021-02-22', '08:00:00', 1, '17:00:00', 8),
(667, 'XFD967258041', '2021-02-23', '08:00:00', 1, '17:00:00', 8),
(668, 'XFD967258041', '2021-02-24', '08:00:00', 1, '17:00:00', 8),
(669, 'XFD967258041', '2021-02-26', '08:00:00', 1, '17:00:00', 8),
(670, 'XFD967258041', '2021-02-27', '08:00:00', 1, '17:00:00', 8),
(671, 'XFD967258041', '2021-03-01', '08:00:00', 1, '17:00:00', 8),
(672, 'XFD967258041', '2021-03-02', '08:00:00', 1, '17:00:00', 8),
(673, 'XFD967258041', '2021-03-03', '08:00:00', 1, '17:00:00', 8),
(674, 'XFD967258041', '2021-03-04', '08:00:00', 1, '17:00:00', 8),
(675, 'XFD967258041', '2021-03-05', '08:00:00', 1, '17:00:00', 8),
(676, 'XFD967258041', '2021-03-06', '08:00:00', 1, '17:00:00', 8),
(677, 'XFD967258041', '2021-03-08', '08:00:00', 1, '17:00:00', 8),
(678, 'XFD967258041', '2021-03-09', '08:00:00', 1, '17:00:00', 8),
(679, 'XFD967258041', '2021-03-10', '08:00:00', 1, '17:00:00', 8),
(680, 'LWA901572486', '2021-01-18', '08:00:00', 1, '17:00:00', 8),
(681, 'ZUH012875639', '2021-01-18', '08:00:00', 1, '17:00:00', 8),
(682, 'DMC416058723', '2021-01-18', '08:00:00', 1, '17:00:00', 8),
(683, 'CXE657012498', '2021-01-18', '08:00:00', 1, '17:00:00', 8),
(684, 'LWA901572486', '2021-01-19', '08:00:00', 1, '17:00:00', 8),
(685, 'ZUH012875639', '2021-01-19', '08:00:00', 1, '17:00:00', 8),
(686, 'DMC416058723', '2021-01-19', '08:00:00', 1, '17:00:00', 8),
(687, 'CXE657012498', '2021-01-19', '08:00:00', 1, '17:00:00', 8),
(688, 'LWA901572486', '2021-01-20', '08:00:00', 1, '17:00:00', 8),
(689, 'ZUH012875639', '2021-01-20', '08:00:00', 1, '17:00:00', 8),
(690, 'DMC416058723', '2021-01-20', '08:00:00', 1, '17:00:00', 8),
(691, 'CXE657012498', '2021-01-20', '08:00:00', 1, '17:00:00', 8),
(692, 'LWA901572486', '2021-01-21', '08:00:00', 1, '17:00:00', 8),
(693, 'ZUH012875639', '2021-01-21', '08:00:00', 1, '17:00:00', 8),
(694, 'DMC416058723', '2021-01-21', '08:00:00', 1, '17:00:00', 8),
(695, 'CXE657012498', '2021-01-21', '08:00:00', 1, '17:00:00', 8),
(696, 'LWA901572486', '2021-01-22', '08:00:00', 1, '17:00:00', 8),
(697, 'ZUH012875639', '2021-01-22', '08:00:00', 1, '17:00:00', 8),
(698, 'DMC416058723', '2021-01-22', '08:00:00', 1, '17:00:00', 8),
(699, 'CXE657012498', '2021-01-22', '08:00:00', 1, '17:00:00', 8),
(700, 'LWA901572486', '2021-01-23', '08:00:00', 1, '17:00:00', 8),
(701, 'ZUH012875639', '2021-01-23', '08:00:00', 1, '17:00:00', 8),
(702, 'DMC416058723', '2021-01-23', '08:00:00', 1, '17:00:00', 8),
(703, 'CXE657012498', '2021-01-23', '08:00:00', 1, '17:00:00', 8),
(704, 'LWA901572486', '2021-01-25', '08:00:00', 1, '18:00:00', 8),
(705, 'ZUH012875639', '2021-01-25', '08:00:00', 1, '18:00:00', 8),
(706, 'DMC416058723', '2021-01-25', '08:00:00', 1, '18:00:00', 8),
(707, 'CXE657012498', '2021-01-25', '08:00:00', 1, '18:00:00', 8),
(708, 'LWA901572486', '2021-01-26', '20:00:00', 0, '17:00:00', 8),
(709, 'ZUH012875639', '2021-01-26', '08:00:00', 1, '18:00:00', 8),
(710, 'DMC416058723', '2021-01-26', '08:00:00', 1, '18:00:00', 8),
(711, 'CXE657012498', '2021-01-26', '08:00:00', 1, '18:00:00', 8),
(712, 'LWA901572486', '2021-01-27', '08:00:00', 1, '17:00:00', 8),
(713, 'ZUH012875639', '2021-01-27', '08:00:00', 1, '17:00:00', 8),
(714, 'DMC416058723', '2021-01-27', '08:00:00', 1, '17:00:00', 8),
(715, 'CXE657012498', '2021-01-27', '08:00:00', 1, '17:00:00', 8),
(716, 'LWA901572486', '2021-01-28', '08:00:00', 1, '17:00:00', 8),
(718, 'ZUH012875639', '2021-01-28', '08:00:00', 1, '17:00:00', 8),
(719, 'DMC416058723', '2021-01-28', '08:00:00', 1, '17:00:00', 8),
(720, 'CXE657012498', '2021-01-28', '08:00:00', 1, '17:00:00', 8),
(721, 'LWA901572486', '2021-01-29', '08:00:00', 1, '18:00:00', 8),
(722, 'ZUH012875639', '2021-01-29', '08:00:00', 1, '18:00:00', 8),
(723, 'CXE657012498', '2021-01-29', '08:00:00', 1, '18:00:00', 8),
(724, 'DMC416058723', '2021-01-29', '08:00:00', 1, '18:00:00', 8),
(725, 'LWA901572486', '2021-01-30', '08:00:00', 1, '17:00:00', 8),
(726, 'ZUH012875639', '2021-01-30', '08:00:00', 1, '17:00:00', 8),
(727, 'DMC416058723', '2021-01-30', '08:00:00', 1, '17:00:00', 8),
(728, 'CXE657012498', '2021-01-30', '08:00:00', 1, '17:00:00', 8),
(729, 'LWA901572486', '2021-02-01', '08:00:00', 1, '17:00:00', 8),
(730, 'ZUH012875639', '2021-02-01', '08:00:00', 1, '17:00:00', 8),
(731, 'DMC416058723', '2021-02-01', '08:00:00', 1, '17:00:00', 8),
(732, 'CXE657012498', '2021-02-01', '08:00:00', 1, '17:00:00', 8),
(733, 'LWA901572486', '2021-02-02', '08:00:00', 1, '17:00:00', 8),
(734, 'ZUH012875639', '2021-02-02', '08:00:00', 1, '17:00:00', 8),
(735, 'DMC416058723', '2021-02-02', '08:00:00', 1, '17:00:00', 8),
(736, 'CXE657012498', '2021-02-02', '08:00:00', 1, '17:00:00', 8),
(737, 'LWA901572486', '2021-02-03', '08:00:00', 1, '17:00:00', 8),
(738, 'ZUH012875639', '2021-02-03', '08:00:00', 1, '17:00:00', 8),
(739, 'DMC416058723', '2021-02-03', '08:00:00', 1, '17:00:00', 8),
(740, 'CXE657012498', '2021-02-03', '08:00:00', 1, '17:00:00', 8),
(741, 'LWA901572486', '2021-02-04', '08:00:00', 1, '17:00:00', 8),
(742, 'ZUH012875639', '2021-02-04', '08:00:00', 1, '17:00:00', 8),
(743, 'DMC416058723', '2021-02-04', '08:00:00', 1, '17:00:00', 8),
(744, 'CXE657012498', '2021-02-04', '08:00:00', 1, '17:00:00', 8),
(745, 'LWA901572486', '2021-02-05', '08:00:00', 1, '17:00:00', 8),
(746, 'ZUH012875639', '2021-02-05', '08:00:00', 1, '17:00:00', 8),
(747, 'DMC416058723', '2021-02-05', '08:00:00', 1, '17:00:00', 8),
(748, 'CXE657012498', '2021-02-05', '08:00:00', 1, '17:00:00', 8),
(749, 'LWA901572486', '2021-02-08', '08:00:00', 1, '17:00:00', 8),
(750, 'ZUH012875639', '2021-02-08', '08:00:00', 1, '17:00:00', 8),
(751, 'DMC416058723', '2021-02-08', '08:00:00', 1, '17:00:00', 8),
(752, 'CXE657012498', '2021-02-08', '08:00:00', 1, '17:00:00', 8),
(753, 'LWA901572486', '2021-02-09', '08:00:00', 1, '17:00:00', 8),
(754, 'DMC416058723', '2021-02-09', '08:00:00', 1, '17:00:00', 8),
(755, 'CXE657012498', '2021-02-09', '08:00:00', 1, '17:00:00', 8),
(756, 'ZUH012875639', '2021-02-09', '08:00:00', 1, '17:00:00', 8),
(757, 'LWA901572486', '2021-02-10', '08:00:00', 1, '17:00:00', 8),
(758, 'ZUH012875639', '2021-02-10', '08:00:00', 1, '17:00:00', 8),
(759, 'DMC416058723', '2021-02-10', '08:00:00', 1, '17:00:00', 8),
(760, 'CXE657012498', '2021-02-10', '08:00:00', 1, '17:00:00', 8),
(761, 'LWA901572486', '2021-02-11', '08:00:00', 1, '17:00:00', 8),
(762, 'ZUH012875639', '2021-02-11', '08:00:00', 1, '17:00:00', 8),
(763, 'DMC416058723', '2021-02-11', '08:00:00', 1, '17:00:00', 8),
(764, 'CXE657012498', '2021-02-11', '08:00:00', 1, '17:00:00', 8),
(765, 'LWA901572486', '2021-02-12', '08:00:00', 1, '17:00:00', 8),
(766, 'ZUH012875639', '2021-02-12', '08:00:00', 1, '17:00:00', 8),
(767, 'DMC416058723', '2021-02-12', '08:00:00', 1, '17:00:00', 8),
(768, 'CXE657012498', '2021-02-12', '08:00:00', 1, '17:00:00', 8),
(769, 'LWA901572486', '2021-02-15', '08:00:00', 1, '17:00:00', 8),
(770, 'ZUH012875639', '2021-02-15', '08:00:00', 1, '17:00:00', 8),
(771, 'DMC416058723', '2021-02-15', '08:00:00', 1, '17:00:00', 8),
(772, 'CXE657012498', '2021-02-15', '08:00:00', 1, '17:00:00', 8),
(773, 'LWA901572486', '2021-02-16', '08:00:00', 1, '17:00:00', 8),
(774, 'ZUH012875639', '2021-02-16', '08:00:00', 1, '17:00:00', 8),
(775, 'DMC416058723', '2021-02-16', '08:00:00', 1, '17:00:00', 8),
(776, 'CXE657012498', '2021-02-16', '08:00:00', 1, '17:00:00', 8),
(777, 'LWA901572486', '2021-02-17', '08:00:00', 1, '17:00:00', 8),
(778, 'ZUH012875639', '2021-02-17', '08:00:00', 1, '17:00:00', 8),
(779, 'DMC416058723', '2021-02-17', '08:00:00', 1, '17:00:00', 8),
(780, 'CXE657012498', '2021-02-17', '08:00:00', 1, '17:00:00', 8),
(781, 'LWA901572486', '2021-02-18', '08:00:00', 1, '17:00:00', 8),
(782, 'ZUH012875639', '2021-02-18', '08:00:00', 1, '17:00:00', 8),
(783, 'DMC416058723', '2021-02-18', '08:00:00', 1, '17:00:00', 8),
(784, 'CXE657012498', '2021-02-18', '08:00:00', 1, '17:00:00', 8),
(785, 'LWA901572486', '2021-02-19', '08:00:00', 1, '17:00:00', 8),
(786, 'ZUH012875639', '2021-02-19', '08:00:00', 1, '17:00:00', 8),
(787, 'DMC416058723', '2021-02-19', '08:00:00', 1, '17:00:00', 8),
(788, 'CXE657012498', '2021-02-19', '08:00:00', 1, '17:00:00', 8),
(789, 'LWA901572486', '2021-02-22', '08:00:00', 1, '17:00:00', 8),
(790, 'ZUH012875639', '2021-02-22', '08:00:00', 1, '17:00:00', 8),
(791, 'DMC416058723', '2021-02-22', '08:00:00', 1, '17:00:00', 8),
(792, 'CXE657012498', '2021-02-22', '08:00:00', 1, '17:00:00', 8),
(793, 'LWA901572486', '2021-02-23', '08:00:00', 1, '17:00:00', 8),
(794, 'ZUH012875639', '2021-02-23', '08:00:00', 1, '17:00:00', 8),
(795, 'DMC416058723', '2021-02-23', '08:00:00', 1, '17:00:00', 8),
(796, 'CXE657012498', '2021-02-23', '08:00:00', 1, '17:00:00', 8),
(797, 'LWA901572486', '2021-02-24', '08:00:00', 1, '17:00:00', 8),
(798, 'ZUH012875639', '2021-02-24', '08:00:00', 1, '17:00:00', 8),
(799, 'DMC416058723', '2021-02-24', '08:00:00', 1, '17:00:00', 8),
(800, 'CXE657012498', '2021-02-24', '08:00:00', 1, '17:00:00', 8),
(801, 'LWA901572486', '2021-02-26', '08:00:00', 1, '17:00:00', 8),
(802, 'ZUH012875639', '2021-02-26', '08:00:00', 1, '17:00:00', 8),
(803, 'DMC416058723', '2021-02-26', '08:00:00', 1, '17:00:00', 8),
(804, 'CXE657012498', '2021-02-26', '08:00:00', 1, '17:00:00', 8),
(805, 'LWA901572486', '2021-02-27', '08:00:00', 1, '17:00:00', 8),
(806, 'ZUH012875639', '2021-02-27', '08:00:00', 1, '17:00:00', 8),
(807, 'DMC416058723', '2021-02-27', '08:00:00', 1, '17:00:00', 8),
(808, 'CXE657012498', '2021-02-27', '08:00:00', 1, '17:00:00', 8),
(809, 'LWA901572486', '2021-03-01', '08:00:00', 1, '17:00:00', 8),
(810, 'ZUH012875639', '2021-03-01', '08:00:00', 1, '17:00:00', 8),
(811, 'DMC416058723', '2021-03-01', '08:00:00', 1, '17:00:00', 8),
(812, 'CXE657012498', '2021-03-01', '08:00:00', 1, '17:00:00', 8),
(813, 'LWA901572486', '2021-03-02', '08:00:00', 1, '17:00:00', 8),
(814, 'ZUH012875639', '2021-03-02', '08:00:00', 1, '17:00:00', 8),
(815, 'DMC416058723', '2021-03-02', '08:00:00', 1, '17:00:00', 8),
(816, 'CXE657012498', '2021-03-02', '08:00:00', 1, '17:00:00', 8),
(817, 'LWA901572486', '2021-03-03', '08:00:00', 1, '17:00:00', 8),
(818, 'ZUH012875639', '2021-03-03', '08:00:00', 1, '17:00:00', 8),
(819, 'DMC416058723', '2021-03-03', '08:00:00', 1, '17:00:00', 8),
(820, 'CXE657012498', '2021-03-03', '08:00:00', 1, '17:00:00', 8),
(821, 'LWA901572486', '2021-03-04', '08:00:00', 1, '17:00:00', 8),
(822, 'ZUH012875639', '2021-03-04', '08:00:00', 1, '17:00:00', 8),
(823, 'DMC416058723', '2021-03-04', '08:00:00', 1, '17:00:00', 8),
(824, 'CXE657012498', '2021-03-04', '08:00:00', 1, '17:00:00', 8),
(825, 'LWA901572486', '2021-03-05', '08:00:00', 1, '17:00:00', 8),
(826, 'ZUH012875639', '2021-03-05', '08:00:00', 1, '17:00:00', 8),
(827, 'DMC416058723', '2021-03-05', '08:00:00', 1, '17:00:00', 8),
(828, 'CXE657012498', '2021-03-05', '08:00:00', 1, '17:00:00', 8),
(829, 'LWA901572486', '2021-03-08', '08:00:00', 1, '17:00:00', 8),
(830, 'ZUH012875639', '2021-03-08', '08:00:00', 1, '17:00:00', 8),
(831, 'DMC416058723', '2021-03-08', '08:00:00', 1, '17:00:00', 8),
(832, 'CXE657012498', '2021-03-08', '08:00:00', 1, '17:00:00', 8),
(833, 'LWA901572486', '2021-03-09', '08:00:00', 1, '18:30:00', 8),
(834, 'ZUH012875639', '2021-03-09', '08:00:00', 1, '18:30:00', 8),
(835, 'DMC416058723', '2021-03-09', '08:00:00', 1, '18:30:00', 8),
(836, 'CXE657012498', '2021-03-09', '08:00:00', 1, '18:30:00', 8),
(837, 'LWA901572486', '2021-03-10', '08:00:00', 1, '17:00:00', 8),
(838, 'ZUH012875639', '2021-03-10', '08:00:00', 1, '17:00:00', 8),
(839, 'DMC416058723', '2021-03-10', '08:00:00', 1, '17:00:00', 8),
(840, 'CXE657012498', '2021-03-10', '08:00:00', 1, '17:00:00', 8),
(841, 'LWA901572486', '2021-03-11', '08:00:00', 1, '17:00:00', 8),
(842, 'ZUH012875639', '2021-03-11', '08:00:00', 1, '17:00:00', 8),
(843, 'DMC416058723', '2021-03-11', '08:00:00', 1, '17:00:00', 8),
(844, 'CXE657012498', '2021-03-11', '08:00:00', 1, '17:00:00', 8),
(845, 'LWA901572486', '2021-03-12', '08:00:00', 1, '17:00:00', 8),
(846, 'ZUH012875639', '2021-03-12', '08:00:00', 1, '17:00:00', 8),
(847, 'DMC416058723', '2021-03-12', '08:00:00', 1, '17:00:00', 8),
(848, 'CXE657012498', '2021-03-12', '08:00:00', 1, '17:00:00', 8),
(849, 'LWA901572486', '2021-03-15', '08:00:00', 1, '17:00:00', 8),
(850, 'ZUH012875639', '2021-03-15', '08:00:00', 1, '17:00:00', 8),
(851, 'DMC416058723', '2021-03-15', '08:00:00', 1, '17:00:00', 8),
(852, 'CXE657012498', '2021-03-15', '08:00:00', 1, '17:00:00', 8),
(853, 'LWA901572486', '2021-03-16', '08:00:00', 1, '17:00:00', 8),
(854, 'ZUH012875639', '2021-03-16', '08:00:00', 1, '17:00:00', 8),
(855, 'DMC416058723', '2021-03-16', '08:00:00', 1, '17:00:00', 8),
(856, 'CXE657012498', '2021-03-16', '08:00:00', 1, '17:00:00', 8),
(857, 'LWA901572486', '2021-03-17', '08:00:00', 1, '17:00:00', 8),
(858, 'ZUH012875639', '2021-03-17', '08:00:00', 1, '17:00:00', 8),
(859, 'DMC416058723', '2021-03-17', '08:00:00', 1, '17:00:00', 8),
(860, 'CXE657012498', '2021-03-17', '08:00:00', 1, '17:00:00', 8),
(861, 'LWA901572486', '2021-03-18', '08:00:00', 1, '17:00:00', 8),
(862, 'ZUH012875639', '2021-03-18', '08:00:00', 1, '17:00:00', 8),
(863, 'DMC416058723', '2021-03-18', '08:00:00', 1, '17:00:00', 8),
(864, 'CXE657012498', '2021-03-18', '08:00:00', 1, '17:00:00', 8),
(865, 'LWA901572486', '2021-03-19', '08:00:00', 1, '17:00:00', 8),
(866, 'ZUH012875639', '2021-03-19', '08:00:00', 1, '17:00:00', 8),
(867, 'DMC416058723', '2021-03-19', '08:00:00', 1, '17:00:00', 8),
(868, 'CXE657012498', '2021-03-19', '08:00:00', 1, '17:00:00', 8),
(869, 'GXQ259046718', '2020-12-10', '08:00:00', 1, '17:00:00', 8),
(870, 'GXQ259046718', '2020-12-11', '08:00:00', 1, '17:00:00', 8),
(871, 'GXQ259046718', '2020-12-12', '08:00:00', 1, '19:30:00', 8),
(872, 'GXQ259046718', '2021-01-25', '08:00:00', 1, '17:00:00', 8),
(873, 'GXQ259046718', '2021-01-26', '08:00:00', 1, '17:00:00', 8),
(874, 'GXQ259046718', '2021-01-27', '08:00:00', 1, '17:00:00', 8),
(875, 'GXQ259046718', '2021-01-28', '08:00:00', 1, '17:00:00', 8),
(876, 'GXQ259046718', '2021-01-29', '08:00:00', 1, '05:00:00', 8),
(877, 'GXQ259046718', '2021-01-30', '08:00:00', 1, '17:00:00', 8),
(878, 'GXQ259046718', '2021-02-01', '08:00:00', 1, '17:00:00', 8),
(879, 'GXQ259046718', '2021-02-02', '08:00:00', 1, '17:00:00', 8),
(880, 'GXQ259046718', '2021-02-03', '08:00:00', 1, '17:00:00', 8),
(881, 'GXQ259046718', '2021-02-04', '08:00:00', 1, '17:00:00', 8),
(882, 'GXQ259046718', '2021-02-05', '08:00:00', 1, '17:00:00', 8),
(883, 'GXQ259046718', '2021-02-06', '08:00:00', 1, '20:00:00', 8),
(884, 'GXQ259046718', '2021-02-08', '08:00:00', 1, '17:00:00', 8),
(885, 'GXQ259046718', '2021-02-09', '08:00:00', 1, '17:00:00', 8),
(886, 'GXQ259046718', '2021-02-10', '08:00:00', 1, '17:00:00', 8),
(887, 'GXQ259046718', '2021-02-11', '08:00:00', 1, '18:30:00', 8),
(888, 'GXQ259046718', '2021-02-13', '09:00:00', 0, '17:00:00', 8),
(889, 'GXQ259046718', '2021-02-15', '08:00:00', 1, '17:00:00', 8),
(890, 'CTH127305984', '2020-12-10', '08:00:00', 1, '17:00:00', 8),
(891, 'CTH127305984', '2020-12-11', '08:00:00', 1, '17:00:00', 8),
(892, 'CTH127305984', '2020-12-12', '08:00:00', 1, '17:00:00', 8),
(893, 'CTH127305984', '2020-12-14', '08:00:00', 1, '17:00:00', 8),
(894, 'CTH127305984', '2021-01-25', '08:00:00', 1, '17:00:00', 8),
(895, 'CTH127305984', '2021-01-26', '08:00:00', 1, '17:00:00', 8),
(896, 'CTH127305984', '2021-01-27', '08:00:00', 1, '17:00:00', 8),
(897, 'CTH127305984', '2021-01-28', '08:00:00', 1, '19:30:00', 8),
(898, 'CTH127305984', '2021-01-29', '08:00:00', 1, '17:00:00', 8),
(899, 'CTH127305984', '2021-01-30', '08:00:00', 1, '17:00:00', 8),
(900, 'CTH127305984', '2021-02-01', '08:00:00', 1, '17:00:00', 8),
(901, 'CTH127305984', '2021-02-02', '08:00:00', 1, '17:00:00', 8),
(902, 'CTH127305984', '2021-02-03', '08:00:00', 1, '17:00:00', 8),
(903, 'CTH127305984', '2021-02-04', '09:00:00', 0, '17:00:00', 8),
(904, 'CTH127305984', '2021-02-05', '08:00:00', 1, '18:00:00', 8),
(905, 'CTH127305984', '2021-02-06', '08:00:00', 1, '17:00:00', 8),
(906, 'CTH127305984', '2021-02-08', '08:00:00', 1, '17:00:00', 8),
(907, 'CTH127305984', '2021-02-09', '08:00:00', 1, '17:00:00', 8),
(908, 'CTH127305984', '2021-02-10', '08:00:00', 1, '17:00:00', 8),
(909, 'CTH127305984', '2021-02-11', '08:00:00', 1, '17:00:00', 8),
(910, 'CTH127305984', '2021-02-13', '08:00:00', 1, '17:00:00', 8),
(911, 'CTH127305984', '2021-02-15', '08:00:00', 1, '17:00:00', 8),
(912, 'CTH127305984', '2021-02-16', '08:00:00', 1, '17:00:00', 8),
(913, 'BUH890645213', '2020-12-10', '08:00:00', 1, '17:00:00', 8),
(914, 'BUH890645213', '2020-12-11', '08:00:00', 1, '17:00:00', 8),
(915, 'BUH890645213', '2020-12-12', '08:00:00', 1, '17:00:00', 8),
(916, 'BUH890645213', '2021-01-25', '08:00:00', 1, '17:00:00', 8),
(917, 'BUH890645213', '2021-01-26', '08:00:00', 1, '17:00:00', 8),
(918, 'BUH890645213', '2021-01-27', '08:00:00', 1, '17:00:00', 8),
(919, 'BUH890645213', '2021-01-28', '08:00:00', 1, '17:00:00', 8),
(920, 'BUH890645213', '2021-01-29', '08:00:00', 1, '17:00:00', 8),
(921, 'BUH890645213', '2021-01-30', '08:00:00', 1, '17:00:00', 8),
(922, 'BUH890645213', '2021-02-01', '08:00:00', 1, '19:30:00', 8),
(923, 'BUH890645213', '2021-02-02', '08:00:00', 1, '17:00:00', 8),
(924, 'BUH890645213', '2021-02-03', '08:00:00', 1, '17:00:00', 8),
(925, 'BUH890645213', '2021-02-04', '08:00:00', 1, '17:00:00', 8),
(926, 'BUH890645213', '2021-02-05', '08:00:00', 1, '17:00:00', 8),
(927, 'BUH890645213', '2021-02-06', '08:00:00', 1, '17:00:00', 8),
(928, 'BUH890645213', '2021-02-08', '08:00:00', 1, '17:00:00', 8),
(929, 'BUH890645213', '2021-02-09', '08:00:00', 1, '17:00:00', 8),
(930, 'BUH890645213', '2021-02-11', '08:00:00', 1, '20:30:00', 8),
(931, 'BUH890645213', '2021-02-13', '08:00:00', 1, '17:00:00', 8),
(932, 'BUH890645213', '2021-02-15', '08:00:00', 1, '17:00:00', 8),
(933, 'BUH890645213', '2021-02-16', '08:00:00', 1, '17:00:00', 8),
(934, 'KMD036975824', '2021-03-03', '08:00:00', 1, '17:00:00', 8),
(935, 'KMD036975824', '2021-03-04', '08:00:00', 1, '17:30:00', 8),
(936, 'HGN482705396', '2021-03-01', '08:00:00', 1, '17:00:00', 4),
(937, 'HGN482705396', '2021-03-02', '08:00:00', 1, '17:00:00', 4),
(938, 'HGN482705396', '2021-03-03', '08:00:00', 1, '12:00:00', 4),
(939, 'OAE062749583', '2021-01-29', '08:00:00', 1, '17:00:00', 8),
(940, 'OAE062749583', '2021-01-30', '08:00:00', 1, '17:00:00', 8),
(941, 'MQN834967521', '2020-11-03', '08:00:00', 1, '17:00:00', 8),
(942, 'MQN834967521', '2020-11-04', '08:00:00', 1, '17:00:00', 8),
(943, 'MQN834967521', '2020-11-05', '08:00:00', 1, '17:00:00', 8),
(944, 'MQN834967521', '2020-11-06', '08:00:00', 1, '17:00:00', 8),
(945, 'MQN834967521', '2020-11-07', '08:00:00', 1, '17:00:00', 8),
(946, 'MQN834967521', '2020-11-09', '08:00:00', 1, '17:00:00', 8),
(947, 'MQN834967521', '2021-01-26', '08:00:00', 1, '17:00:00', 8),
(948, 'MQN834967521', '2021-01-27', '08:00:00', 1, '17:00:00', 8),
(949, 'MQN834967521', '2021-01-28', '08:00:00', 1, '17:00:00', 8),
(950, 'MQN834967521', '2021-01-29', '08:00:00', 1, '17:00:00', 8),
(951, 'MQN834967521', '2021-01-30', '08:00:00', 1, '17:00:00', 8),
(952, 'MQN834967521', '2021-02-01', '08:00:00', 1, '17:00:00', 8),
(953, 'MQN834967521', '2021-02-02', '08:00:00', 1, '17:00:00', 8),
(954, 'MQN834967521', '2021-02-03', '08:00:00', 1, '17:00:00', 8),
(955, 'MQN834967521', '2021-02-04', '08:00:00', 1, '17:00:00', 8),
(956, 'MQN834967521', '2021-02-05', '08:00:00', 1, '17:00:00', 8),
(957, 'MQN834967521', '2021-02-06', '08:00:00', 1, '17:00:00', 8),
(958, 'MQN834967521', '2021-02-08', '08:00:00', 1, '17:00:00', 8),
(959, 'MQN834967521', '2021-02-09', '08:00:00', 1, '17:00:00', 8),
(960, 'MQN834967521', '2021-02-10', '08:00:00', 1, '17:00:00', 8),
(961, 'MQN834967521', '2021-02-11', '08:00:00', 1, '19:30:00', 8),
(962, 'MQN834967521', '2021-02-13', '08:00:00', 1, '17:00:00', 8),
(963, 'MQN834967521', '2021-02-15', '08:00:00', 1, '17:00:00', 8),
(964, 'MQN834967521', '2021-02-16', '08:00:00', 1, '17:00:00', 8),
(965, 'MQN834967521', '2021-02-17', '08:00:00', 1, '17:00:00', 8),
(966, 'MQN834967521', '2021-02-18', '08:00:00', 1, '17:00:00', 8),
(967, 'MQN834967521', '2021-02-19', '08:00:00', 1, '17:00:00', 8),
(968, 'MQN834967521', '2021-02-20', '08:00:00', 1, '17:00:00', 8),
(969, 'MQN834967521', '2021-02-22', '08:00:00', 1, '17:00:00', 8),
(970, 'MQN834967521', '2021-02-23', '08:00:00', 1, '17:00:00', 8),
(971, 'MQN834967521', '2021-02-24', '08:00:00', 1, '20:00:00', 8),
(972, 'MQN834967521', '2021-02-26', '08:00:00', 1, '17:00:00', 8),
(973, 'MQN834967521', '2021-02-27', '08:00:00', 1, '17:00:00', 8),
(974, 'MQN834967521', '2021-03-01', '08:00:00', 1, '17:00:00', 8),
(975, 'MQN834967521', '2021-03-02', '08:00:00', 1, '17:00:00', 8),
(976, 'MQN834967521', '2021-03-03', '08:00:00', 1, '17:00:00', 8),
(977, 'MQN834967521', '2021-03-04', '08:00:00', 1, '17:00:00', 8),
(978, 'MQN834967521', '2021-03-05', '08:00:00', 1, '17:00:00', 8),
(979, 'MQN834967521', '2021-03-06', '08:00:00', 1, '17:00:00', 8),
(980, 'MQN834967521', '2021-03-08', '08:00:00', 1, '17:00:00', 8),
(981, 'MQN834967521', '2021-03-09', '08:00:00', 1, '17:00:00', 8),
(982, 'MQN834967521', '2021-03-10', '08:00:00', 1, '17:00:00', 8),
(983, 'GHR057234189', '2021-01-26', '08:00:00', 1, '17:00:00', 8),
(984, 'GHR057234189', '2021-01-27', '08:00:00', 1, '17:00:00', 8),
(985, 'GHR057234189', '2021-01-28', '08:00:00', 1, '17:00:00', 8),
(986, 'GHR057234189', '2021-01-29', '08:00:00', 1, '17:00:00', 8),
(987, 'GHR057234189', '2021-01-30', '08:00:00', 1, '17:00:00', 8),
(988, 'GHR057234189', '2021-02-01', '08:00:00', 1, '17:00:00', 8),
(989, 'WFA892014367', '2021-01-26', '07:00:00', 1, '17:00:00', 8),
(990, 'WFA892014367', '2021-01-27', '08:00:00', 1, '17:00:00', 8),
(991, 'WFA892014367', '2021-01-28', '08:00:00', 1, '17:00:00', 8),
(992, 'WFA892014367', '2021-01-29', '08:00:00', 1, '17:00:00', 8),
(993, 'WFA892014367', '2021-01-30', '08:00:00', 1, '17:00:00', 8),
(994, 'KBG706981354', '2021-01-26', '08:00:00', 1, '17:00:00', 8),
(995, 'KBG706981354', '2021-01-27', '08:00:00', 1, '17:00:00', 8),
(996, 'KBG706981354', '2021-01-28', '08:00:00', 1, '17:00:00', 8),
(997, 'KBG706981354', '2021-01-29', '08:00:00', 1, '17:00:00', 8),
(998, 'KBG706981354', '2021-01-30', '08:00:00', 1, '17:00:00', 8),
(999, 'VQF927048153', '2021-01-26', '08:00:00', 1, '17:00:00', 8),
(1000, 'VQF927048153', '2021-01-27', '08:00:00', 1, '17:00:00', 8),
(1001, 'VQF927048153', '2021-01-28', '08:00:00', 1, '17:00:00', 8),
(1002, 'VQF927048153', '2021-01-29', '08:00:00', 1, '17:00:00', 8),
(1003, 'VQF927048153', '2021-01-30', '08:00:00', 1, '17:00:00', 8),
(1004, 'LWA901572486', '2021-03-22', '08:00:00', 1, '17:00:00', 8),
(1005, 'ZUH012875639', '2021-03-22', '08:00:00', 1, '17:00:00', 8),
(1006, 'DMC416058723', '2021-03-22', '08:00:00', 1, '17:00:00', 8),
(1007, 'CXE657012498', '2021-03-22', '08:00:00', 1, '17:00:00', 8),
(1008, 'LWA901572486', '2021-03-23', '08:00:00', 1, '17:00:00', 8),
(1009, 'ZUH012875639', '2021-03-23', '08:00:00', 1, '17:00:00', 8),
(1010, 'DMC416058723', '2021-03-23', '08:00:00', 1, '17:00:00', 8),
(1011, 'CXE657012498', '2021-03-23', '08:00:00', 1, '17:00:00', 8),
(1012, 'LWA901572486', '2021-03-24', '08:00:00', 1, '17:00:00', 8),
(1013, 'ZUH012875639', '2021-03-24', '08:00:00', 1, '17:00:00', 8),
(1014, 'DMC416058723', '2021-03-24', '08:00:00', 1, '17:00:00', 8),
(1015, 'CXE657012498', '2021-03-24', '08:00:00', 1, '17:00:00', 8),
(1016, 'LWA901572486', '2021-03-25', '08:00:00', 1, '17:00:00', 8),
(1017, 'ZUH012875639', '2021-03-25', '08:00:00', 1, '17:00:00', 8),
(1018, 'DMC416058723', '2021-03-25', '08:00:00', 1, '17:00:00', 8),
(1019, 'CXE657012498', '2021-03-25', '08:00:00', 1, '17:00:00', 8),
(1020, 'LWA901572486', '2021-03-26', '08:00:00', 1, '17:00:00', 8),
(1021, 'ZUH012875639', '2021-03-26', '08:00:00', 1, '17:00:00', 8),
(1022, 'DMC416058723', '2021-03-26', '08:00:00', 1, '17:00:00', 8),
(1023, 'CXE657012498', '2021-03-26', '08:00:00', 1, '17:00:00', 8),
(1024, 'LWA901572486', '2021-03-27', '08:00:00', 1, '17:00:00', 8),
(1025, 'ZUH012875639', '2021-03-27', '08:00:00', 1, '17:00:00', 8),
(1026, 'DMC416058723', '2021-03-27', '08:00:00', 1, '17:00:00', 8),
(1027, 'CXE657012498', '2021-03-27', '08:00:00', 1, '17:00:00', 8),
(1028, 'LWA901572486', '2021-03-29', '08:00:00', 1, '17:00:00', 8),
(1029, 'ZUH012875639', '2021-03-29', '08:00:00', 1, '17:00:00', 8),
(1030, 'DMC416058723', '2021-03-29', '08:00:00', 1, '17:00:00', 8),
(1031, 'CXE657012498', '2021-03-29', '08:00:00', 1, '17:00:00', 8),
(1032, 'LWA901572486', '2021-03-30', '08:00:00', 1, '17:00:00', 8),
(1033, 'ZUH012875639', '2021-03-30', '08:00:00', 1, '17:00:00', 8),
(1034, 'DMC416058723', '2021-03-30', '08:00:00', 1, '17:00:00', 8),
(1035, 'CXE657012498', '2021-03-30', '08:00:00', 1, '17:00:00', 8),
(1036, 'CXE657012498', '2021-03-31', '08:00:00', 1, '17:00:00', 8),
(1037, 'LWA901572486', '2021-03-31', '08:00:00', 1, '17:00:00', 8),
(1038, 'ZUH012875639', '2021-03-31', '08:00:00', 1, '17:00:00', 8),
(1042, 'LWA901572486', '2021-04-05', '08:00:00', 1, '17:00:00', 8),
(1043, 'ZUH012875639', '2021-04-05', '08:00:00', 1, '17:00:00', 8),
(1044, 'DMC416058723', '2021-04-05', '08:00:00', 1, '17:00:00', 8),
(1045, 'CXE657012498', '2021-04-05', '08:00:00', 1, '17:00:00', 8),
(1047, 'JFL238096514', '2021-04-01', '08:00:00', 1, '19:00:00', 8),
(1051, 'JFL238096514', '2021-06-04', '08:00:00', 1, '19:30:00', 8);

-- --------------------------------------------------------

--
-- Table structure for table `cashadvance`
--

CREATE TABLE `cashadvance` (
  `id` int(11) NOT NULL,
  `date_advance` date NOT NULL,
  `employee_id` varchar(15) NOT NULL,
  `amount` double NOT NULL
) ENGINE=InnoDB DEFAULT CHARSET=latin1;

-- --------------------------------------------------------

--
-- Table structure for table `cutoff`
--

CREATE TABLE `cutoff` (
  `cutoff_id` int(11) NOT NULL,
  `start_date` date NOT NULL,
  `end_date` date NOT NULL,
  `payroll_date` date NOT NULL
) ENGINE=InnoDB DEFAULT CHARSET=utf8 COLLATE=utf8_unicode_ci;

--
-- Dumping data for table `cutoff`
--

INSERT INTO `cutoff` (`cutoff_id`, `start_date`, `end_date`, `payroll_date`) VALUES
(1, '2020-07-26', '2020-08-10', '2020-08-15'),
(2, '2020-08-11', '2020-08-25', '2020-08-30'),
(3, '2020-08-26', '2020-09-10', '2020-09-15'),
(4, '2020-09-11', '2020-09-25', '2020-09-30'),
(5, '2020-09-26', '2020-10-10', '2020-10-15'),
(6, '2020-10-11', '2020-10-25', '2020-10-30'),
(7, '2020-10-26', '2020-11-10', '2020-11-15'),
(8, '2020-11-11', '2020-11-25', '2020-11-30'),
(9, '2020-11-26', '2020-12-10', '2020-12-15'),
(10, '2020-12-11', '2020-12-25', '2020-12-30'),
(11, '2020-12-26', '2021-01-10', '2021-01-15'),
(12, '2021-01-11', '2021-01-25', '2021-01-30'),
(13, '2021-01-26', '2021-02-10', '2021-02-15'),
(14, '2021-02-11', '2021-02-25', '2021-02-28'),
(15, '2021-02-26', '2021-03-10', '2021-03-15'),
(16, '2021-03-11', '2021-03-25', '2021-03-30'),
(17, '2021-03-26', '2021-04-10', '2021-04-15'),
(21, '2021-05-26', '2021-06-10', '2021-06-15');

-- --------------------------------------------------------

--
-- Table structure for table `deductions`
--

CREATE TABLE `deductions` (
  `id` int(11) NOT NULL,
  `description` varchar(100) NOT NULL,
  `amount` double NOT NULL
) ENGINE=InnoDB DEFAULT CHARSET=latin1;

-- --------------------------------------------------------

--
-- Table structure for table `employees`
--

CREATE TABLE `employees` (
  `id` int(11) NOT NULL,
  `employee_id` varchar(15) NOT NULL,
  `firstname` varchar(50) NOT NULL,
  `lastname` varchar(50) NOT NULL,
  `address` text NOT NULL,
  `birthdate` date NOT NULL,
  `contact_info` varchar(100) NOT NULL,
  `gender` varchar(10) NOT NULL,
  `position_id` int(11) NOT NULL,
  `schedule_id` int(11) NOT NULL,
  `photo` varchar(200) NOT NULL,
  `created_on` date NOT NULL,
  `sss` varchar(10) NOT NULL DEFAULT 'N/A',
  `philhealth` varchar(12) NOT NULL DEFAULT 'N/A',
  `pagibig` varchar(12) NOT NULL DEFAULT 'N/A',
  `tin` varchar(9) DEFAULT 'N/A',
  `qrimage` varchar(250) NOT NULL
) ENGINE=InnoDB DEFAULT CHARSET=latin1;

--
-- Dumping data for table `employees`
--

INSERT INTO `employees` (`id`, `employee_id`, `firstname`, `lastname`, `address`, `birthdate`, `contact_info`, `gender`, `position_id`, `schedule_id`, `photo`, `created_on`, `sss`, `philhealth`, `pagibig`, `tin`, `qrimage`) VALUES
(164, 'JFL238096514', 'Randy', 'Delos Santos', 'Stanford Street East Village Pasay City', '1983-01-03', '09295959751', 'Male', 1, 2, 'Randy Delos Santos FOREMAN.png', '2021-03-24', '1234567898', 'N/A', 'N/A', '091823714', '../images/qrimage/605ae06f77316.png'),
(165, 'IPW870512964', 'Ramon', 'Baissa', '1 Mansion Street Tatalon Quezon City', '1985-02-05', '09235555634', 'Male', 2, 2, 'Ramon Baissa WORKER.png', '2021-03-24', 'N/A', 'N/A', 'N/A', 'N/A', '../images/qrimage/605ae22b0e589.png'),
(166, 'DOV530761948', 'Ronnie', 'Romero', '11 Radan Street Legas Village Makati City', '1988-03-08', '09335552426', 'Male', 2, 2, 'Ronnie Romero WORKER.png', '2021-03-24', '8089089012', '123456789111', 'N/A', 'N/A', '../images/qrimage/605ae2ba16c81.png'),
(167, 'WBL265930147', 'Raymond', 'Espela', '8 Juan Luna Street Binondo Manila', '1989-04-09', '09335555740', 'Male', 19, 2, 'Raymond Espela LABOR.png', '2021-03-24', '8089089012', 'N/A', '123456789199', 'N/A', '../images/qrimage/605ae369e631f.png'),
(168, 'GMS568094312', 'John Paul', 'Mecadejas', '11 De Castro Avenue Sta. Lucia Pasig City', '1995-05-05', '09335551210', 'Male', 19, 2, 'John Paul Mecadejas LABOR.png', '2021-03-24', 'N/A', 'N/A', 'N/A', 'N/A', '../images/qrimage/605ae40183b91.png'),
(169, 'XFD967258041', 'Arvin', 'Salem', 'Time Plaza 8th Avenue  Ermita Manila', '1985-06-25', '09805554980', 'Male', 10, 2, 'Arvin Salem PAINTER.png', '2021-03-24', '1234567890', 'N/A', '123456789123', '091823714', '../images/qrimage/605aea5536295.png'),
(173, 'WTG620751894', 'Martin', 'Florano', '24 Dalisay Street Sta. Mesa Manila', '1980-08-08', '09195556717', 'Male', 15, 2, 'Martin Florano WORKER.png', '2021-03-24', 'N/A', 'N/A', 'N/A', 'N/A', '../images/qrimage/605b47f08723b.png'),
(174, 'ZCY723461908', 'Melvin', 'Florano', 'San Juan St. Brgy. San Jose Pasay City', '1995-05-05', '09295552020', 'Male', 12, 2, 'Melvin Florano LABOR.png', '2021-03-24', 'N/A', 'N/A', 'N/A', 'N/A', '../images/qrimage/605b4c6c2ad68.png'),
(175, 'LWA901572486', 'Nelson ', 'Delos Santos', 'Paete Laguna', '1967-03-06', '09092890378', 'Male', 16, 2, 'Nelson Delos Santos FOREMAN.png', '2021-03-24', 'N/A', '320321261523', 'N/A', 'N/A', '../images/qrimage/605b4798371ae.png'),
(176, 'ZUH012875639', 'Reggie ', 'Valenzuela', 'Sampaloc Manila', '1990-06-12', '09074902933', 'Male', 17, 2, 'Reggie Valenzuela WORKER.png', '2021-03-24', 'N/A', 'N/A', 'N/A', 'N/A', '../images/qrimage/605b482dc01e1.png'),
(177, 'DMC416058723', 'Marlito ', 'Buenviaje ', 'Quezon City', '1994-08-23', '09639039439', 'Male', 19, 2, 'Marlito Buenviaje LABOR.png', '2021-03-24', 'N/A', 'N/A', 'N/A', 'N/A', '../images/qrimage/605b494969347.png'),
(178, 'CXE657012498', 'Ryan', 'Predilla', 'Culiat, Tandang Sora', '1984-04-03', '09162903982', 'Male', 20, 2, 'Ryan Padilla LABOR.png', '2021-03-24', 'N/A', 'N/A', 'N/A', 'N/A', '../images/qrimage/605b49d95c3dc.png'),
(179, 'CHA053924168', 'Lope', 'Laplana', 'Paete Laguna', '1981-10-22', '09777999039', 'Male', 12, 2, 'Lope Laplana Jr. LABOR.png', '2021-03-24', 'N/A', 'N/A', 'N/A', 'N/A', '../images/qrimage/605b4adc20f7c.png'),
(180, 'QDC236851094', 'Jake', 'Florano', 'Poblacion, Muntinlupa', '1989-02-07', '09162903748', 'Male', 15, 2, 'Jake Florano WORKER.png', '2021-03-24', 'N/A', 'N/A', 'N/A', 'N/A', '../images/qrimage/605b4c6b7e5d6.png'),
(181, 'GXQ259046718', 'Michael ', 'Florano', 'Kaybiga, Caloocan City', '1980-01-10', '09067862577', 'Male', 1, 2, 'Michael Florano FOREMAN.png', '2021-03-24', 'N/A', 'N/A', 'N/A', 'N/A', '../images/qrimage/605b454f35290.png'),
(182, 'CTH127305984', 'Sinfroso', 'Barrion', 'Tandang Sora, Quezon City', '1975-02-15', '09057891254', 'Male', 17, 2, 'Sinfroso Barrion WORKER.png', '2021-03-24', 'N/A', 'N/A', 'N/A', 'N/A', '../images/qrimage/605b45914a5fe.png'),
(183, 'BUH890645213', 'Michael ', 'Owera', 'Bagong Pag-asa, Quezon City', '1970-04-21', '09267890096', 'Male', 20, 2, 'Michael Owera LABOR.png', '2021-03-24', 'N/A', 'N/A', 'N/A', 'N/A', '../images/qrimage/605b46e8cf616.png'),
(184, 'KMD036975824', 'Jomar', 'Delos Santos', 'SSS Housing, Quezon City', '1991-05-20', '09065725298', 'Male', 15, 2, 'Jomar Delos Santos ELECTRICIAN.png', '2021-03-24', 'N/A', 'N/A', 'N/A', 'N/A', '../images/qrimage/605b472e3a2f4.png'),
(185, 'OAE062749583', 'Nino', 'Florano', 'Bagong Bario, Caloocan City', '1990-06-28', '09996785432', 'Male', 12, 2, 'Nino Florano WELDER.png', '2021-03-24', 'N/A', 'N/A', 'N/A', 'N/A', '../images/qrimage/605b47688372f.png'),
(186, 'HGN482705396', 'Cesar', 'Petito', 'Project 7, Quezon City', '1965-08-31', '09758904566', 'Male', 10, 2, 'Cesar Petito PAINTER.png', '2021-03-24', 'N/A', 'N/A', 'N/A', 'N/A', '../images/qrimage/605b47af21c53.png'),
(187, 'MQN834967521', 'Ramil', 'Belista', 'Calamba, Laguna', '1965-10-12', '09238907866', 'Male', 16, 2, 'Ramil Belista FOREMAN.png', '2021-03-24', 'N/A', 'N/A', 'N/A', 'N/A', '../images/qrimage/605b4836a19e6.png'),
(188, 'GHR057234189', 'Mark', 'Florano', 'Lumban, Laguna', '1989-11-30', '09990089767', 'Male', 2, 2, 'Mark Florano WORKER.png', '2021-03-24', 'N/A', 'N/A', 'N/A', 'N/A', '../images/qrimage/605b489cadc60.png'),
(189, 'KBG706981354', 'Jason', 'Bonganay', 'Bambang, Laguna', '1963-12-25', '09068899076', 'Male', 18, 2, 'Jason Bonganay WORKER.png', '2021-03-24', 'N/A', 'N/A', 'N/A', 'N/A', '../images/qrimage/605b48f4129da.png'),
(190, 'WFA892014367', 'Mamerto', 'Caponpon', 'Commonwhealth, Quezon City', '1969-09-30', '09059062355', 'Male', 20, 2, 'Mamerto Caponpon LABOR.png', '2021-03-24', 'N/A', 'N/A', 'N/A', 'N/A', '../images/qrimage/605b493e8caee.png'),
(191, 'VQF927048153', 'Jefren', 'Mercadejas', 'Project 8, Quezon City', '1968-07-26', '09129087667', 'Male', 20, 2, 'Jefren Mercadejas LABOR.png', '2021-03-24', 'N/A', 'N/A', 'N/A', 'N/A', '../images/qrimage/605b49ac82ea8.png'),
(192, 'PEM479201683', 'Rowaldo', 'Serrano', 'Bagumbayan, Quezon City', '1989-08-08', '09090078965', 'Male', 15, 2, 'Rowaldo Serrano ELECTRICIAN.png', '2021-03-24', 'N/A', 'N/A', 'N/A', 'N/A', '../images/qrimage/605b49eead894.png'),
(193, 'YBA869475102', 'Mario', 'Galan', 'Balayong, Laguna', '1964-11-12', '09239087688', 'Male', 12, 2, 'Mario Galan WELDER.png', '2021-03-24', 'N/A', 'N/A', 'N/A', 'N/A', '../images/qrimage/605b4a3f26826.png'),
(194, 'YCK457086312', 'Leonard', 'Velasco', 'Cabanbanan, Laguna', '1992-07-24', '09295195879', 'Male', 10, 2, 'Leonard Velasco LABOR.png', '2021-03-24', 'N/A', 'N/A', 'N/A', 'N/A', '../images/qrimage/605b4a88ed63c.png');

-- --------------------------------------------------------

--
-- Table structure for table `materials`
--

CREATE TABLE `materials` (
  `materials_id` int(11) NOT NULL,
  `name` varchar(30) CHARACTER SET latin1 NOT NULL,
  `description` varchar(50) CHARACTER SET latin1 NOT NULL,
  `unit` varchar(15) CHARACTER SET latin1 NOT NULL,
  `price` double NOT NULL,
  `stock` double NOT NULL
) ENGINE=InnoDB DEFAULT CHARSET=utf8 COLLATE=utf8_unicode_ci;

--
-- Dumping data for table `materials`
--

INSERT INTO `materials` (`materials_id`, `name`, `description`, `unit`, `price`, `stock`) VALUES
(2, 'Gravel', 'Flooring', 'lot', 170, 41),
(3, 'Concrete Works', 'Nail (2inches)', 'box', 250, 16),
(4, 'Plywood', '2ft x 10ft', 'pc', 150, 10),
(6, 'Concrete Works', 'Sand', 'bags', 1100, 11),
(7, 'Hollow Blocks', 'Concrete Hollow Blocks (CHB)', 'pc', 100, 110);

-- --------------------------------------------------------

--
-- Table structure for table `materials_list`
--

CREATE TABLE `materials_list` (
  `list_id` int(11) NOT NULL,
  `materials_name` varchar(100) COLLATE utf8_unicode_ci NOT NULL,
  `quantity` int(11) NOT NULL
) ENGINE=InnoDB DEFAULT CHARSET=utf8 COLLATE=utf8_unicode_ci;

--
-- Dumping data for table `materials_list`
--

INSERT INTO `materials_list` (`list_id`, `materials_name`, `quantity`) VALUES
(1, 'Hammer', 10),
(2, 'Shovel', 10),
(3, 'Welding Machine', 5),
(4, 'Paint Brush', 10),
(5, 'Brick hammer', 5),
(6, 'Gloves', 20),
(7, 'Helmet', 15);

-- --------------------------------------------------------

--
-- Table structure for table `overtime`
--

CREATE TABLE `overtime` (
  `id` int(11) NOT NULL,
  `employee_id` varchar(15) NOT NULL,
  `hours` double NOT NULL,
  `rate` double NOT NULL,
  `amount` double NOT NULL,
  `date_overtime` date NOT NULL,
  `ot_status` varchar(9) NOT NULL DEFAULT 'New',
  `reason` varchar(50) NOT NULL,
  `timestamp` timestamp NOT NULL DEFAULT current_timestamp()
) ENGINE=InnoDB DEFAULT CHARSET=latin1;

--
-- Dumping data for table `overtime`
--

INSERT INTO `overtime` (`id`, `employee_id`, `hours`, `rate`, `amount`, `date_overtime`, `ot_status`, `reason`, `timestamp`) VALUES
(31, 'LWA901572486', 60, 85, 21.25, '2021-01-25', 'New', '', '2021-06-13 07:56:24'),
(32, 'ZUH012875639', 60, 65, 16.25, '2021-01-25', 'New', '', '2021-06-13 07:56:24'),
(33, 'DMC416058723', 60, 55, 13.75, '2021-01-25', 'New', '', '2021-06-13 07:56:24'),
(34, 'CXE657012498', 60, 60, 15, '2021-01-25', 'Declined', '', '2021-06-13 07:56:24'),
(35, 'ZUH012875639', 60, 65, 16.25, '2021-01-26', 'New', '', '2021-06-13 07:56:24'),
(36, 'DMC416058723', 60, 55, 13.75, '2021-01-26', 'New', '', '2021-06-13 07:56:24'),
(37, 'CXE657012498', 60, 60, 15, '2021-01-26', 'New', '', '2021-06-13 07:56:24'),
(38, 'LWA901572486', 60, 85, 21.25, '2021-01-29', 'New', '', '2021-06-13 07:56:24'),
(39, 'ZUH012875639', 60, 65, 16.25, '2021-01-29', 'New', '', '2021-06-13 07:56:24'),
(40, 'CXE657012498', 60, 60, 15, '2021-01-29', 'New', '', '2021-06-13 07:56:24'),
(41, 'DMC416058723', 60, 55, 13.75, '2021-01-29', 'New', '', '2021-06-13 07:56:24'),
(42, 'LWA901572486', 90, 85, 31.875, '2021-03-09', 'Declined', '', '2021-06-13 07:56:24'),
(43, 'ZUH012875639', 90, 65, 24.375, '2021-03-09', 'Approved', '', '2021-06-13 07:56:24'),
(44, 'DMC416058723', 90, 55, 20.625, '2021-03-09', 'Approved', '', '2021-06-13 07:56:24'),
(45, 'CXE657012498', 90, 60, 22.5, '2021-03-09', 'Approved', '', '2021-06-13 07:56:24'),
(46, 'GXQ259046718', 150, 80, 50, '2020-12-12', 'Approved', '', '2021-06-13 07:56:24'),
(47, 'GXQ259046718', 180, 80, 60, '2021-02-06', 'Declined', 'Reason 1,  ', '2021-06-13 13:39:43'),
(48, 'GXQ259046718', 90, 80, 30, '2021-02-11', 'Declined', '', '2021-06-13 07:56:24'),
(49, 'CTH127305984', 150, 65, 40.625, '2021-01-28', 'New', '', '2021-06-13 07:56:24'),
(50, 'CTH127305984', 60, 65, 16.25, '2021-02-05', 'New', '', '2021-06-13 07:56:24'),
(51, 'BUH890645213', 150, 60, 37.5, '2021-02-01', 'New', '', '2021-06-13 07:56:24'),
(52, 'BUH890645213', 210, 60, 52.5, '2021-02-11', 'Declined', ' Secret', '2021-06-13 13:29:16'),
(53, 'MQN834967521', 150, 85, 53.125, '2021-02-11', 'Approved', '', '2021-06-13 13:39:18'),
(54, 'MQN834967521', 180, 85, 63.75, '2021-02-24', 'Approved', '', '2021-06-13 07:56:24'),
(55, 'DMC416058723', 330, 55, 75.625, '2021-03-31', 'New', '', '2021-06-13 07:56:24'),
(56, 'JFL238096514', 120, 80, 40, '2021-04-01', 'Approved', '', '2021-06-13 07:56:24'),
(59, 'JFL238096514', 165, 80, 55, '2021-04-09', 'Approved', '', '2021-06-13 07:56:24'),
(60, 'JFL238096514', 150, 80, 50, '2021-06-04', 'Approved', '', '2021-06-13 07:56:36');

-- --------------------------------------------------------

--
-- Table structure for table `payslip`
--

CREATE TABLE `payslip` (
  `payslip_id` int(11) NOT NULL,
  `employee_id` varchar(15) CHARACTER SET latin1 NOT NULL,
  `cutoff_id` int(11) NOT NULL,
  `project_name` varchar(15) CHARACTER SET latin1 NOT NULL,
  `position` varchar(150) CHARACTER SET latin1 NOT NULL,
  `rate` double NOT NULL,
  `tax_status` varchar(9) CHARACTER SET latin1 NOT NULL,
  `basic_pay` double NOT NULL,
  `total_hour` double NOT NULL,
  `ot_hours` double NOT NULL,
  `ot` double NOT NULL,
  `cash_advance` double NOT NULL,
  `sss` double NOT NULL,
  `philhealth` double NOT NULL,
  `hdmif` double NOT NULL,
  `tax` double NOT NULL,
  `material_cost` double NOT NULL,
  `ytd_sss` double NOT NULL,
  `ytd_philhealth` double NOT NULL,
  `ytd_hdmif` double NOT NULL,
  `ytd_tax` double NOT NULL,
  `ytd_grossincome` double NOT NULL,
  `total_compensation` double NOT NULL,
  `total_deduc` double NOT NULL,
  `netpay` double NOT NULL
) ENGINE=InnoDB DEFAULT CHARSET=utf8mb4;

--
-- Dumping data for table `payslip`
--

INSERT INTO `payslip` (`payslip_id`, `employee_id`, `cutoff_id`, `project_name`, `position`, `rate`, `tax_status`, `basic_pay`, `total_hour`, `ot_hours`, `ot`, `cash_advance`, `sss`, `philhealth`, `hdmif`, `tax`, `material_cost`, `ytd_sss`, `ytd_philhealth`, `ytd_hdmif`, `ytd_tax`, `ytd_grossincome`, `total_compensation`, `total_deduc`, `netpay`) VALUES
(1, 'JFL238096514', 2, 'Go Building', 'Foreman I', 80, 'S', 660, 8.25, 0, 0, 0, 135, 11.55, 50, 0, 0, 135, 11.55, 50, 0, 660, 660, 196.55, 463.45),
(2, 'JFL238096514', 3, 'Go Building', 'Foreman I', 80, 'S', 8580, 107.25, 0, 0, 0, 382.5, 150.15, 50, 0, 0, 517.5, 161.7, 100, 0, 9240, 8580, 582.65, 7997.35),
(3, 'JFL238096514', 4, 'Go Building', 'Foreman I', 80, 'S', 8580, 107.25, 0, 0, 0, 382.5, 150.15, 50, 0, 0, 900, 311.85, 150, 0, 17820, 8580, 582.65, 7997.35),
(4, 'JFL238096514', 5, 'Go Building', 'Foreman I', 80, 'S', 8580, 107.25, 0, 0, 0, 382.5, 150.15, 50, 0, 0, 1282.5, 462, 200, 0, 26400, 8580, 582.65, 7997.35),
(5, 'JFL238096514', 6, 'Go Building', 'Foreman I', 80, 'S', 7920, 99, 0, 0, 0, 360, 138.6, 50, 0, 0, 1642.5, 600.6, 250, 0, 34320, 7920, 548.6, 7371.4),
(6, 'JFL238096514', 7, 'Go Building', 'Foreman I', 80, 'S', 8580, 107.25, 0, 0, 0, 382.5, 150.15, 50, 0, 0, 2025, 750.75, 300, 0, 42900, 8580, 582.65, 7997.35),
(7, 'JFL238096514', 17, 'Go Building', 'Foreman I', 80, 'S', 640, 8, 4.75, 95, 0, 135, 11.2, 50, 0, 0, 2160, 761.95, 350, 0, 43540, 735, 196.2, 538.8),
(8, 'JFL238096514', 21, 'Go Building', 'Foreman I', 80, 'S', 640, 8, 2.5, 50, 0, 135, 11.2, 50, 0, 0, 2295, 773.15, 400, 0, 44180, 690, 196.2, 493.8),
(9, 'IPW870512964', 13, 'Go Building', 'Worker I', 60, 'S', 6720, 112, 0, 0, 0, 292.5, 117.6, 50, 0, 0, 292.5, 117.6, 50, 0, 6720, 6720, 460.1, 6259.9),
(10, 'IPW870512964', 14, 'Go Building', 'Worker I', 60, 'S', 5280, 88, 0, 0, 0, 247.5, 92.4, 50, 0, 0, 540, 210, 100, 0, 12000, 5280, 389.9, 4890.1),
(11, 'IPW870512964', 15, 'Go Building', 'Worker I', 60, 'S', 5280, 88, 0, 0, 0, 247.5, 92.4, 50, 0, 0, 787.5, 302.4, 150, 0, 17280, 5280, 389.9, 4890.1),
(12, 'DOV530761948', 13, 'Go Building', 'Worker I', 60, 'S', 6720, 112, 0, 0, 0, 292.5, 117.6, 50, 0, 0, 292.5, 117.6, 50, 0, 6720, 6720, 460.1, 6259.9),
(13, 'DOV530761948', 14, 'Go Building', 'Worker I', 60, 'S', 5280, 88, 0, 0, 0, 247.5, 92.4, 50, 0, 0, 540, 210, 100, 0, 12000, 5280, 389.9, 4890.1),
(14, 'DOV530761948', 15, 'Go Building', 'Worker I', 60, 'S', 5280, 88, 0, 0, 0, 247.5, 92.4, 50, 0, 0, 787.5, 302.4, 150, 0, 17280, 5280, 389.9, 4890.1),
(15, 'WBL265930147', 13, 'Go Building', 'Labor I', 55, 'S', 6160, 112, 0, 0, 0, 270, 107.8, 50, 0, 0, 270, 107.8, 50, 0, 6160, 6160, 427.8, 5732.2),
(16, 'WBL265930147', 14, 'Go Building', 'Labor I', 55, 'S', 4840, 88, 0, 0, 0, 225, 84.7, 50, 0, 0, 495, 192.5, 100, 0, 11000, 4840, 359.7, 4480.3),
(17, 'WBL265930147', 15, 'Go Building', 'Labor I', 55, 'S', 4840, 88, 0, 0, 0, 225, 84.7, 50, 0, 0, 720, 277.2, 150, 0, 15840, 4840, 359.7, 4480.3),
(18, 'GMS568094312', 13, 'Go Building', 'Labor I', 55, 'S', 6160, 112, 0, 0, 0, 270, 107.8, 50, 0, 0, 270, 107.8, 50, 0, 6160, 6160, 427.8, 5732.2),
(19, 'GMS568094312', 14, 'Go Building', 'Labor I', 55, 'S', 4840, 88, 0, 0, 0, 225, 84.7, 50, 0, 0, 495, 192.5, 100, 0, 11000, 4840, 359.7, 4480.3),
(20, 'GMS568094312', 15, 'Go Building', 'Labor I', 55, 'S', 4840, 88, 0, 0, 0, 225, 84.7, 50, 0, 0, 720, 277.2, 150, 0, 15840, 4840, 359.7, 4480.3),
(21, 'XFD967258041', 13, 'Go Building', 'Painter', 75, 'S', 8400, 112, 0, 0, 0, 382.5, 147, 50, 0, 0, 382.5, 147, 50, 0, 8400, 8400, 579.5, 7820.5),
(22, 'XFD967258041', 14, 'Go Building', 'Painter', 75, 'S', 6600, 88, 0, 0, 0, 292.5, 115.5, 50, 0, 0, 675, 262.5, 100, 0, 15000, 6600, 458, 6142),
(23, 'XFD967258041', 15, 'Go Building', 'Painter', 75, 'S', 6600, 88, 0, 0, 0, 292.5, 115.5, 50, 0, 0, 967.5, 378, 150, 0, 21600, 6600, 458, 6142),
(24, 'WTG620751894', 5, 'Go Building', 'Electrician', 80, 'S', 8320, 104, 0, 0, 0, 382.5, 145.6, 50, 0, 0, 382.5, 145.6, 50, 0, 8320, 8320, 578.1, 7741.9),
(25, 'WTG620751894', 6, 'Go Building', 'Electrician', 80, 'S', 7680, 96, 0, 0, 0, 337.5, 134.4, 50, 0, 0, 720, 280, 100, 0, 16000, 7680, 521.9, 7158.1),
(26, 'WTG620751894', 7, 'Go Building', 'Electrician', 80, 'S', 8320, 104, 0, 0, 0, 382.5, 145.6, 50, 0, 0, 1102.5, 425.6, 150, 0, 24320, 8320, 578.1, 7741.9),
(27, 'ZCY723461908', 9, 'Go Building', 'Welder', 70, 'S', 6160, 88, 0, 0, 0, 270, 107.8, 50, 0, 0, 270, 107.8, 50, 0, 6160, 6160, 427.8, 5732.2),
(28, 'ZCY723461908', 10, 'Go Building', 'Welder', 70, 'S', 6160, 88, 0, 0, 0, 270, 107.8, 50, 0, 0, 540, 215.6, 100, 0, 12320, 6160, 427.8, 5732.2),
(29, 'ZCY723461908', 11, 'Go Building', 'Welder', 70, 'S', 5600, 80, 0, 0, 0, 247.5, 98, 50, 0, 0, 787.5, 313.6, 150, 0, 17920, 5600, 395.5, 5204.5),
(30, 'LWA901572486', 12, 'Apartment House', 'Foreman II', 85, 'S', 4760, 56, 0, 0, 0, 225, 83.3, 50, 0, 0, 225, 83.3, 50, 0, 4760, 4760, 358.3, 4401.7),
(31, 'LWA901572486', 13, 'Apartment House', 'Foreman II', 85, 'S', 8840, 104, 0, 0, 0, 405, 154.7, 50, 0, 0, 630, 238, 100, 0, 13600, 8840, 609.7, 8230.3),
(32, 'LWA901572486', 14, 'Apartment House', 'Foreman II', 85, 'S', 6800, 80, 0, 0, 0, 315, 119, 50, 0, 0, 945, 357, 150, 0, 20400, 6800, 484, 6316),
(33, 'LWA901572486', 15, 'Apartment House', 'Foreman II', 85, 'S', 6800, 80, 0, 0, 0, 315, 119, 50, 0, 0, 1260, 476, 200, 0, 27200, 6800, 484, 6316),
(34, 'LWA901572486', 16, 'Apartment House', 'Foreman II', 85, 'S', 7480, 88, 0, 0, 0, 337.5, 130.9, 50, 0, 0, 1597.5, 606.9, 250, 0, 34680, 7480, 518.4, 6961.6),
(35, 'LWA901572486', 17, 'Apartment House', 'Foreman II', 85, 'S', 4080, 48, 0, 0, 0, 180, 71.4, 50, 0, 0, 1777.5, 678.3, 300, 0, 38760, 4080, 301.4, 3778.6),
(36, 'ZUH012875639', 12, 'Apartment House', 'Worker II', 65, 'S', 3640, 56, 0, 0, 0, 157.5, 63.7, 50, 0, 0, 157.5, 63.7, 50, 0, 3640, 3640, 271.2, 3368.8),
(37, 'ZUH012875639', 13, 'Apartment House', 'Worker II', 65, 'S', 6760, 104, 0, 0, 0, 315, 118.3, 50, 0, 0, 472.5, 182, 100, 0, 10400, 6760, 483.3, 6276.7),
(38, 'ZUH012875639', 14, 'Apartment House', 'Worker II', 65, 'S', 5200, 80, 0, 0, 0, 225, 91, 50, 0, 0, 697.5, 273, 150, 0, 15600, 5200, 366, 4834),
(39, 'ZUH012875639', 15, 'Apartment House', 'Worker II', 65, 'S', 5200, 80, 1.5, 24.375, 0, 225, 91, 50, 0, 0, 922.5, 364, 200, 0, 20800, 5224.375, 366, 4858.375),
(40, 'ZUH012875639', 16, 'Apartment House', 'Worker II', 65, 'S', 5720, 88, 0, 0, 0, 247.5, 100.1, 50, 0, 0, 1170, 464.1, 250, 0, 26520, 5720, 397.6, 5322.4),
(41, 'ZUH012875639', 17, 'Apartment House', 'Worker II', 65, 'S', 3120, 48, 0, 0, 0, 135, 54.6, 50, 0, 0, 1305, 518.7, 300, 0, 29640, 3120, 239.6, 2880.4),
(42, 'DMC416058723', 12, 'Apartment House', 'Labor I', 55, 'S', 3080, 56, 0, 0, 0, 135, 53.9, 50, 0, 0, 135, 53.9, 50, 0, 3080, 3080, 238.9, 2841.1),
(43, 'DMC416058723', 13, 'Apartment House', 'Labor I', 55, 'S', 5720, 104, 0, 0, 0, 247.5, 100.1, 50, 0, 0, 382.5, 154, 100, 0, 8800, 5720, 397.6, 5322.4),
(44, 'DMC416058723', 14, 'Apartment House', 'Labor I', 55, 'S', 4400, 80, 0, 0, 0, 202.5, 77, 50, 0, 0, 585, 231, 150, 0, 13200, 4400, 329.5, 4070.5),
(45, 'DMC416058723', 15, 'Apartment House', 'Labor I', 55, 'S', 4400, 80, 1.5, 20.625, 0, 202.5, 77, 50, 0, 0, 787.5, 308, 200, 0, 17600, 4420.625, 329.5, 4091.125),
(46, 'DMC416058723', 16, 'Apartment House', 'Labor I', 55, 'S', 4840, 88, 0, 0, 0, 225, 84.7, 50, 0, 0, 1012.5, 392.7, 250, 0, 22440, 4840, 359.7, 4480.3),
(47, 'DMC416058723', 17, 'Apartment House', 'Labor I', 55, 'S', 2200, 40, 0, 0, 0, 135, 38.5, 50, 0, 0, 1147.5, 431.2, 300, 0, 24640, 2200, 223.5, 1976.5),
(48, 'CXE657012498', 12, 'Apartment House', 'Labor II', 60, 'S', 3360, 56, 0, 0, 0, 157.5, 58.8, 50, 0, 0, 157.5, 58.8, 50, 0, 3360, 3360, 266.3, 3093.7),
(49, 'CXE657012498', 13, 'Apartment House', 'Labor II', 60, 'S', 6240, 104, 0, 0, 0, 270, 109.2, 50, 0, 0, 427.5, 168, 100, 0, 9600, 6240, 429.2, 5810.8),
(50, 'CXE657012498', 14, 'Apartment House', 'Labor II', 60, 'S', 4800, 80, 0, 0, 0, 225, 84, 50, 0, 0, 652.5, 252, 150, 0, 14400, 4800, 359, 4441),
(51, 'CXE657012498', 15, 'Apartment House', 'Labor II', 60, 'S', 4800, 80, 1.5, 22.5, 0, 225, 84, 50, 0, 0, 877.5, 336, 200, 0, 19200, 4822.5, 359, 4463.5),
(52, 'CXE657012498', 16, 'Apartment House', 'Labor II', 60, 'S', 5280, 88, 0, 0, 0, 247.5, 92.4, 50, 0, 0, 1125, 428.4, 250, 0, 24480, 5280, 389.9, 4890.1),
(53, 'CXE657012498', 17, 'Apartment House', 'Labor II', 60, 'S', 2880, 48, 0, 0, 0, 135, 50.4, 50, 0, 0, 1260, 478.8, 300, 0, 27360, 2880, 235.4, 2644.6),
(54, 'GXQ259046718', 9, 'SSS Guardhouse ', 'Foreman I', 80, 'S', 640, 8, 0, 0, 0, 135, 11.2, 50, 0, 0, 135, 11.2, 50, 0, 640, 640, 196.2, 443.8),
(55, 'GXQ259046718', 10, 'SSS Guardhouse ', 'Foreman I', 80, 'S', 1280, 16, 2.5, 50, 0, 135, 22.4, 50, 0, 0, 270, 33.6, 100, 0, 1920, 1330, 207.4, 1122.6),
(56, 'GXQ259046718', 12, 'SSS Guardhouse ', 'Foreman I', 80, 'S', 640, 8, 0, 0, 0, 135, 11.2, 50, 0, 0, 405, 44.8, 150, 0, 2560, 640, 196.2, 443.8),
(57, 'GXQ259046718', 13, 'SSS Guardhouse ', 'Foreman I', 80, 'S', 8960, 112, 0, 0, 0, 405, 156.8, 50, 0, 0, 810, 201.6, 200, 0, 11520, 8960, 611.8, 8348.2),
(58, 'GXQ259046718', 14, 'SSS Guardhouse ', 'Foreman I', 80, 'S', 1920, 24, 0, 0, 0, 135, 33.6, 50, 0, 0, 945, 235.2, 250, 0, 13440, 1920, 218.6, 1701.4),
(59, 'CTH127305984', 9, 'SSS Guardhouse ', 'Worker II', 65, 'S', 520, 8, 0, 0, 0, 135, 9.1, 50, 0, 0, 135, 9.1, 50, 0, 520, 520, 194.1, 325.9),
(60, 'CTH127305984', 10, 'SSS Guardhouse ', 'Worker II', 65, 'S', 1560, 24, 0, 0, 0, 135, 27.3, 50, 0, 0, 270, 36.4, 100, 0, 2080, 1560, 212.3, 1347.7),
(61, 'CTH127305984', 12, 'SSS Guardhouse ', 'Worker II', 65, 'S', 520, 8, 0, 0, 0, 135, 9.1, 50, 0, 0, 405, 45.5, 150, 0, 2600, 520, 194.1, 325.9),
(62, 'CTH127305984', 13, 'SSS Guardhouse ', 'Worker II', 65, 'S', 7280, 112, 0, 0, 0, 337.5, 127.4, 50, 0, 0, 742.5, 172.9, 200, 0, 9880, 7280, 514.9, 6765.1),
(63, 'CTH127305984', 14, 'SSS Guardhouse ', 'Worker II', 65, 'S', 2080, 32, 0, 0, 0, 135, 36.4, 50, 0, 0, 877.5, 209.3, 250, 0, 11960, 2080, 221.4, 1858.6),
(64, 'BUH890645213', 9, 'SSS Guardhouse ', 'Labor II', 60, 'S', 480, 8, 0, 0, 0, 135, 8.4, 50, 0, 0, 135, 8.4, 50, 0, 480, 480, 193.4, 286.6),
(65, 'BUH890645213', 10, 'SSS Guardhouse ', 'Labor II', 60, 'S', 960, 16, 0, 0, 0, 135, 16.8, 50, 0, 0, 270, 25.2, 100, 0, 1440, 960, 201.8, 758.2),
(66, 'BUH890645213', 12, 'SSS Guardhouse ', 'Labor II', 60, 'S', 480, 8, 0, 0, 0, 135, 8.4, 50, 0, 0, 405, 33.6, 150, 0, 1920, 480, 193.4, 286.6),
(67, 'BUH890645213', 13, 'SSS Guardhouse ', 'Labor II', 60, 'S', 6240, 104, 0, 0, 0, 270, 109.2, 50, 0, 0, 675, 142.8, 200, 0, 8160, 6240, 429.2, 5810.8),
(68, 'BUH890645213', 14, 'SSS Guardhouse ', 'Labor II', 60, 'S', 1920, 32, 0, 0, 0, 135, 33.6, 50, 0, 0, 810, 176.4, 250, 0, 10080, 1920, 218.6, 1701.4),
(69, 'KMD036975824', 15, 'SSS Guardhouse ', 'Electrician', 80, 'S', 1280, 16, 0, 0, 0, 135, 22.4, 50, 0, 0, 135, 22.4, 50, 0, 1280, 1280, 207.4, 1072.6),
(70, 'OAE062749583', 13, 'SSS Guardhouse ', 'Welder', 70, 'S', 1120, 16, 0, 0, 0, 135, 19.6, 50, 0, 0, 135, 19.6, 50, 0, 1120, 1120, 204.6, 915.4),
(71, 'HGN482705396', 15, 'SSS Guardhouse ', 'Painter', 75, 'S', 900, 12, 0, 0, 0, 135, 15.75, 50, 0, 0, 135, 15.75, 50, 0, 900, 900, 200.75, 699.25),
(72, 'MQN834967521', 7, 'Rest House Taga', 'Foreman II', 85, 'S', 4080, 48, 0, 0, 0, 180, 71.4, 50, 0, 0, 180, 71.4, 50, 0, 4080, 4080, 301.4, 3778.6),
(73, 'MQN834967521', 13, 'Rest House Taga', 'Foreman II', 85, 'S', 9520, 112, 0, 0, 0, 427.5, 166.6, 50, 0, 0, 607.5, 238, 100, 0, 13600, 9520, 644.1, 8875.9),
(74, 'MQN834967521', 14, 'Rest House Taga', 'Foreman II', 85, 'S', 7480, 88, 3, 63.75, 0, 337.5, 130.9, 50, 0, 0, 945, 368.9, 150, 0, 21080, 7543.75, 518.4, 7025.35),
(75, 'MQN834967521', 15, 'Rest House Taga', 'Foreman II', 85, 'S', 7480, 88, 0, 0, 0, 337.5, 130.9, 50, 0, 0, 1282.5, 499.8, 200, 0, 28560, 7480, 518.4, 6961.6),
(76, 'GHR057234189', 13, 'Rest House Taga', 'Worker I', 60, 'S', 2880, 48, 0, 0, 0, 135, 50.4, 50, 0, 0, 135, 50.4, 50, 0, 2880, 2880, 235.4, 2644.6),
(77, 'KBG706981354', 13, 'Rest House Taga', 'Worker III', 70, 'S', 2800, 40, 0, 0, 0, 135, 49, 50, 0, 0, 135, 49, 50, 0, 2800, 2800, 234, 2566),
(78, 'WFA892014367', 13, 'Rest House Taga', 'Labor II', 60, 'S', 2400, 40, 0, 0, 0, 135, 42, 50, 0, 0, 135, 42, 50, 0, 2400, 2400, 227, 2173),
(79, 'VQF927048153', 13, 'Rest House Taga', 'Labor II', 60, 'S', 2400, 40, 0, 0, 0, 135, 42, 50, 0, 0, 135, 42, 50, 0, 2400, 2400, 227, 2173);

-- --------------------------------------------------------

--
-- Table structure for table `position`
--

CREATE TABLE `position` (
  `id` int(11) NOT NULL,
  `description` varchar(150) NOT NULL,
  `rate` double NOT NULL
) ENGINE=InnoDB DEFAULT CHARSET=latin1;

--
-- Dumping data for table `position`
--

INSERT INTO `position` (`id`, `description`, `rate`) VALUES
(1, 'Foreman I', 80),
(2, 'Worker I', 60),
(3, 'Plumber', 100),
(10, 'Painter', 75),
(12, 'Welder', 70),
(14, 'Carpenter', 55),
(15, 'Electrician', 80),
(16, 'Foreman II', 85),
(17, 'Worker II', 65),
(18, 'Worker III', 70),
(19, 'Labor I', 55),
(20, 'Labor II', 60);

-- --------------------------------------------------------

--
-- Table structure for table `project`
--

CREATE TABLE `project` (
  `id` int(9) NOT NULL,
  `project_id` varchar(15) CHARACTER SET latin1 NOT NULL,
  `project_name` varchar(30) NOT NULL,
  `project_startdate` date NOT NULL,
  `project_enddate` date NOT NULL,
  `project_description` varchar(50) NOT NULL,
  `project_owner` varchar(50) NOT NULL,
  `project_address` varchar(60) NOT NULL,
  `project_budget` double NOT NULL,
  `project_status` varchar(10) NOT NULL,
  `photo` varchar(200) CHARACTER SET latin1 NOT NULL
) ENGINE=InnoDB DEFAULT CHARSET=utf8mb4;

--
-- Dumping data for table `project`
--

INSERT INTO `project` (`id`, `project_id`, `project_name`, `project_startdate`, `project_enddate`, `project_description`, `project_owner`, `project_address`, `project_budget`, `project_status`, `photo`) VALUES
(3, 'RGJ815402376', 'SSS Guardhouse and Gate', '2020-12-10', '2021-03-10', 'Vintage Style', 'Sheena Santos', 'Bagong Barrio, Caloocan City', 300000, 'Finish', 'Kelvin Dalena.png'),
(5, 'QJT856942073', 'Rest House Tagaytay ', '2020-11-03', '2021-08-03', '2 Story House', 'Mark A. Zamora', 'Tagaytay City', 500000, 'Active', 'Tagaytay.png'),
(9, 'AGV058942713', 'Apartment House', '2020-10-01', '2021-12-09', '2 Storey Apartment', 'Michael Santos', 'Mabait, Kawaan, Quezon City', 1500000, 'Active', '2 Storey 2 Door Apartment.jpg'),
(11, 'KQC216405793', 'Go Building', '2020-02-01', '2021-12-01', '5 Story Building', 'Mark Santos', 'Sta. Mesa, Manila', 1500000, 'Pending', '2 Storey 2 Door Apartment.jpg');

-- --------------------------------------------------------

--
-- Table structure for table `project_employee`
--

CREATE TABLE `project_employee` (
  `id` int(11) NOT NULL,
  `name` varchar(50) COLLATE utf8_unicode_ci NOT NULL,
  `position` varchar(20) COLLATE utf8_unicode_ci NOT NULL,
  `status` varchar(20) COLLATE utf8_unicode_ci NOT NULL,
  `timeline_sched` date NOT NULL,
  `project_date_end` date NOT NULL,
  `projectid` varchar(15) COLLATE utf8_unicode_ci NOT NULL
) ENGINE=InnoDB DEFAULT CHARSET=utf8 COLLATE=utf8_unicode_ci;

--
-- Dumping data for table `project_employee`
--

INSERT INTO `project_employee` (`id`, `name`, `position`, `status`, `timeline_sched`, `project_date_end`, `projectid`) VALUES
(260, 'JFL238096514', 'Foreman I', 'On going', '2020-08-26', '2021-03-30', 'KQC216405793'),
(261, 'IPW870512964', 'Worker I', 'On going', '2020-08-26', '2021-03-30', 'KQC216405793'),
(262, 'DOV530761948', 'Worker I', 'On going', '2020-08-26', '2021-03-30', 'KQC216405793'),
(263, 'WBL265930147', 'Labor I', 'On going', '2020-08-26', '2021-03-30', 'KQC216405793'),
(264, 'GMS568094312', 'Labor I', 'On going', '2020-08-26', '2021-03-30', 'KQC216405793'),
(267, 'XFD967258041', 'Painter', 'Vacant', '2021-01-26', '2021-02-26', 'KQC216405793'),
(269, 'WTG620751894', 'Electrician', 'Vacant', '2020-09-26', '2020-10-26', 'KQC216405793'),
(270, 'ZCY723461908', 'Welder', 'Vacant', '2020-11-26', '2020-12-26', 'KQC216405793'),
(271, 'LWA901572486', 'Foreman II', 'On going', '2021-01-18', '2021-08-20', 'AGV058942713'),
(272, 'ZUH012875639', 'Worker II', 'On going', '2021-01-18', '2021-08-20', 'AGV058942713'),
(273, 'DMC416058723', 'Labor I', 'On going', '2021-01-18', '2021-08-20', 'AGV058942713'),
(274, 'CXE657012498', 'Labor II', 'On going', '2021-01-18', '2021-08-20', 'AGV058942713'),
(275, 'CHA053924168', 'Welder', 'Vacant', '2021-05-10', '2021-08-20', 'AGV058942713'),
(276, 'QDC236851094', 'Electrician', 'Vacant', '2021-05-10', '2021-08-20', 'AGV058942713'),
(277, 'GXQ259046718', 'Foreman I', 'Vacant', '2020-12-10', '2021-03-10', 'RGJ815402376'),
(278, 'CTH127305984', 'Worker II', 'Vacant', '2020-12-10', '2021-03-10', 'RGJ815402376'),
(279, 'BUH890645213', 'Labor II', 'Vacant', '2020-12-10', '2021-03-10', 'RGJ815402376'),
(280, 'KMD036975824', 'Electrician', 'Vacant', '2021-03-03', '2021-03-04', 'RGJ815402376'),
(281, 'OAE062749583', 'Welder', 'Vacant', '2021-01-29', '2021-01-30', 'RGJ815402376'),
(282, 'HGN482705396', 'Painter', 'Vacant', '2021-03-01', '2021-03-03', 'RGJ815402376'),
(283, 'MQN834967521', 'Foreman II', 'On going', '2020-11-03', '2021-05-03', 'QJT856942073'),
(284, 'GHR057234189', 'Worker I', 'On going', '2020-11-03', '2021-05-03', 'QJT856942073'),
(285, 'KBG706981354', 'Worker III', 'On going', '2020-11-03', '2021-05-03', 'QJT856942073'),
(286, 'WFA892014367', 'Labor II', 'On going', '2020-11-03', '2021-05-03', 'QJT856942073'),
(287, 'VQF927048153', 'Labor II', 'On going', '2020-11-03', '2021-05-03', 'QJT856942073'),
(288, 'PEM479201683', 'Electrician', 'Vacant', '2021-04-19', '2021-04-26', 'QJT856942073'),
(289, 'YBA869475102', 'Welder', 'Vacant', '2021-01-04', '2021-02-04', 'QJT856942073'),
(290, 'YCK457086312', 'Painter', 'Vacant', '2021-04-05', '2021-04-17', 'QJT856942073');

-- --------------------------------------------------------

--
-- Table structure for table `project_files`
--

CREATE TABLE `project_files` (
  `id` int(11) NOT NULL,
  `file` varchar(100) COLLATE utf8_unicode_ci NOT NULL,
  `type` varchar(100) COLLATE utf8_unicode_ci NOT NULL,
  `size` int(11) NOT NULL,
  `projectid` varchar(50) COLLATE utf8_unicode_ci NOT NULL
) ENGINE=InnoDB DEFAULT CHARSET=utf8 COLLATE=utf8_unicode_ci;

--
-- Dumping data for table `project_files`
--

INSERT INTO `project_files` (`id`, `file`, `type`, `size`, `projectid`) VALUES
(1, '66035-pup-internship-agreement-macud.doc', 'application/msword', 253, 'RGJ815402376');

-- --------------------------------------------------------

--
-- Table structure for table `project_leader`
--

CREATE TABLE `project_leader` (
  `id` int(10) NOT NULL,
  `name` varchar(50) COLLATE utf8_unicode_ci NOT NULL,
  `projectid` varchar(15) COLLATE utf8_unicode_ci NOT NULL
) ENGINE=InnoDB DEFAULT CHARSET=utf8 COLLATE=utf8_unicode_ci;

-- --------------------------------------------------------

--
-- Table structure for table `project_materials`
--

CREATE TABLE `project_materials` (
  `id` int(50) NOT NULL,
  `description` varchar(100) COLLATE utf8_unicode_ci NOT NULL,
  `quantity` decimal(10,0) NOT NULL,
  `unit` varchar(100) COLLATE utf8_unicode_ci NOT NULL,
  `unit_cost` double NOT NULL,
  `amnt_cost` double NOT NULL,
  `proj_id` varchar(50) COLLATE utf8_unicode_ci NOT NULL
) ENGINE=InnoDB DEFAULT CHARSET=utf8 COLLATE=utf8_unicode_ci;

--
-- Dumping data for table `project_materials`
--

INSERT INTO `project_materials` (`id`, `description`, `quantity`, `unit`, `unit_cost`, `amnt_cost`, `proj_id`) VALUES
(9, '20 kgs of nails', '150', 'sack', 200, 2000, '123ADCE2'),
(12, '100 kgs of cement', '200', 'sack', 100, 1500, '123ADCE2'),
(14, 'Stone', '2', 'truck', 7000, 14000, '123ADCE2'),
(17, 'Cement', '5', 'Wood', 500, 2500, '123ADCE2'),
(21, 'Flooring', '200', 'sack', 200, 400, '123ADCE2'),
(23, 'Concrete Works', '5', 'truck', 200, 1000, 'GAC054382679'),
(24, 'Flooring', '2', 'sack', 200, 400, 'GAC054382679'),
(25, 'Concrete Works', '5', 'sack', 200, 1000, 'HJZ347258106'),
(26, '2ft x 10ft', '2', 'Block', 200, 400, 'HJZ347258106'),
(28, '4\"', '1', 'piece', 200, 2000, 'ITN517428936'),
(29, 'Concrete Works', '10', 'Sack', 150, 1500, '123ADCE2'),
(32, 'Concrete Hollow Blocks (CHB)', '10', 'Block', 100, 1000, 'AGV058942713'),
(33, 'Sand', '5', 'sack', 100, 500, 'AGV058942713');

-- --------------------------------------------------------

--
-- Table structure for table `project_materials_log`
--

CREATE TABLE `project_materials_log` (
  `id` int(9) NOT NULL,
  `date` date NOT NULL,
  `name` varchar(50) COLLATE utf8_unicode_ci NOT NULL,
  `material` varchar(50) COLLATE utf8_unicode_ci NOT NULL,
  `quantity1` int(11) NOT NULL,
  `time_borrow` varchar(20) COLLATE utf8_unicode_ci NOT NULL,
  `status` varchar(20) COLLATE utf8_unicode_ci NOT NULL,
  `con_dition` varchar(50) COLLATE utf8_unicode_ci NOT NULL,
  `time_return` varchar(20) COLLATE utf8_unicode_ci NOT NULL,
  `price` double NOT NULL,
  `proj_id` varchar(50) COLLATE utf8_unicode_ci NOT NULL
) ENGINE=InnoDB DEFAULT CHARSET=utf8 COLLATE=utf8_unicode_ci;

-- --------------------------------------------------------

--
-- Table structure for table `schedules`
--

CREATE TABLE `schedules` (
  `id` int(11) NOT NULL,
  `time_in` time NOT NULL,
  `time_out` time NOT NULL
) ENGINE=InnoDB DEFAULT CHARSET=latin1;

--
-- Dumping data for table `schedules`
--

INSERT INTO `schedules` (`id`, `time_in`, `time_out`) VALUES
(2, '08:00:00', '17:00:00'),
(3, '09:00:00', '18:00:00'),
(12, '06:30:00', '16:30:00'),
(13, '07:00:00', '16:00:00'),
(15, '06:00:00', '16:00:00');

-- --------------------------------------------------------

--
-- Table structure for table `yeartodate`
--

CREATE TABLE `yeartodate` (
  `yeartodate_id` int(11) NOT NULL,
  `employee_id` varchar(15) NOT NULL,
  `sss` double NOT NULL,
  `philhealth` double NOT NULL,
  `pagibig` double NOT NULL,
  `tax` double NOT NULL,
  `gross_income` double NOT NULL
) ENGINE=InnoDB DEFAULT CHARSET=utf8mb4;

--
-- Dumping data for table `yeartodate`
--

INSERT INTO `yeartodate` (`yeartodate_id`, `employee_id`, `sss`, `philhealth`, `pagibig`, `tax`, `gross_income`) VALUES
(0, 'GXA476520391', 0, 0, 0, 0, 0),
(1, 'JFL238096514', 22950, 7731.5, 4000, 0, 441800),
(2, 'IPW870512964', 7875, 3024, 1500, 0, 172800),
(3, 'DOV530761948', 7875, 3024, 1500, 0, 172800),
(4, 'WBL265930147', 7200, 2772, 1500, 0, 158400),
(5, 'GMS568094312', 7200, 2772, 1500, 0, 158400),
(6, 'XFD967258041', 9675, 3780, 1500, 0, 216000),
(7, 'WTG620751894', 11025, 4256, 1500, 0, 243200),
(8, 'ZCY723461908', 7875, 3136, 1500, 0, 179200),
(9, 'LWA901572486', 17775, 6783, 3000, 0, 387600),
(10, 'ZUH012875639', 13050, 5187, 3000, 0, 296400),
(11, 'DMC416058723', 11475, 4312, 3000, 0, 246400),
(12, 'CXE657012498', 12600, 4788, 3000, 0, 273600),
(13, 'CHA053924168', 0, 0, 0, 0, 0),
(14, 'QDC236851094', 0, 0, 0, 0, 0),
(15, 'GXQ259046718', 9450, 2352, 2500, 0, 134400),
(16, 'CTH127305984', 8775, 2093, 2500, 0, 119600),
(17, 'BUH890645213', 8100, 1764, 2500, 0, 100800),
(18, 'KMD036975824', 1350, 224, 500, 0, 12800),
(19, 'OAE062749583', 1350, 196, 500, 0, 11200),
(20, 'HGN482705396', 1350, 157.5, 500, 0, 9000),
(21, 'MQN834967521', 12825, 4998, 2000, 0, 285600),
(22, 'GHR057234189', 1350, 504, 500, 0, 28800),
(23, 'KBG706981354', 1350, 490, 500, 0, 28000),
(24, 'WFA892014367', 1350, 420, 500, 0, 24000),
(25, 'VQF927048153', 1350, 420, 500, 0, 24000),
(26, 'PEM479201683', 0, 0, 0, 0, 0),
(27, 'YBA869475102', 0, 0, 0, 0, 0),
(28, 'YCK457086312', 0, 0, 0, 0, 0);

--
-- Indexes for dumped tables
--

--
-- Indexes for table `admin`
--
ALTER TABLE `admin`
  ADD PRIMARY KEY (`id`);

--
-- Indexes for table `attendance`
--
ALTER TABLE `attendance`
  ADD PRIMARY KEY (`id`);

--
-- Indexes for table `cashadvance`
--
ALTER TABLE `cashadvance`
  ADD PRIMARY KEY (`id`);

--
-- Indexes for table `cutoff`
--
ALTER TABLE `cutoff`
  ADD PRIMARY KEY (`cutoff_id`);

--
-- Indexes for table `deductions`
--
ALTER TABLE `deductions`
  ADD PRIMARY KEY (`id`);

--
-- Indexes for table `employees`
--
ALTER TABLE `employees`
  ADD PRIMARY KEY (`id`);

--
-- Indexes for table `materials`
--
ALTER TABLE `materials`
  ADD PRIMARY KEY (`materials_id`);

--
-- Indexes for table `materials_list`
--
ALTER TABLE `materials_list`
  ADD PRIMARY KEY (`list_id`);

--
-- Indexes for table `overtime`
--
ALTER TABLE `overtime`
  ADD PRIMARY KEY (`id`);

--
-- Indexes for table `payslip`
--
ALTER TABLE `payslip`
  ADD PRIMARY KEY (`payslip_id`);

--
-- Indexes for table `position`
--
ALTER TABLE `position`
  ADD PRIMARY KEY (`id`);

--
-- Indexes for table `project`
--
ALTER TABLE `project`
  ADD PRIMARY KEY (`id`);

--
-- Indexes for table `project_employee`
--
ALTER TABLE `project_employee`
  ADD PRIMARY KEY (`id`);

--
-- Indexes for table `project_files`
--
ALTER TABLE `project_files`
  ADD PRIMARY KEY (`id`);

--
-- Indexes for table `project_leader`
--
ALTER TABLE `project_leader`
  ADD PRIMARY KEY (`id`);

--
-- Indexes for table `project_materials`
--
ALTER TABLE `project_materials`
  ADD PRIMARY KEY (`id`);

--
-- Indexes for table `project_materials_log`
--
ALTER TABLE `project_materials_log`
  ADD PRIMARY KEY (`id`);

--
-- Indexes for table `schedules`
--
ALTER TABLE `schedules`
  ADD PRIMARY KEY (`id`);

--
-- Indexes for table `yeartodate`
--
ALTER TABLE `yeartodate`
  ADD PRIMARY KEY (`yeartodate_id`);

--
-- AUTO_INCREMENT for dumped tables
--

--
-- AUTO_INCREMENT for table `admin`
--
ALTER TABLE `admin`
  MODIFY `id` int(11) NOT NULL AUTO_INCREMENT, AUTO_INCREMENT=2;

--
-- AUTO_INCREMENT for table `attendance`
--
ALTER TABLE `attendance`
  MODIFY `id` int(11) NOT NULL AUTO_INCREMENT, AUTO_INCREMENT=1052;

--
-- AUTO_INCREMENT for table `cashadvance`
--
ALTER TABLE `cashadvance`
  MODIFY `id` int(11) NOT NULL AUTO_INCREMENT;

--
-- AUTO_INCREMENT for table `cutoff`
--
ALTER TABLE `cutoff`
  MODIFY `cutoff_id` int(11) NOT NULL AUTO_INCREMENT, AUTO_INCREMENT=22;

--
-- AUTO_INCREMENT for table `deductions`
--
ALTER TABLE `deductions`
  MODIFY `id` int(11) NOT NULL AUTO_INCREMENT;

--
-- AUTO_INCREMENT for table `employees`
--
ALTER TABLE `employees`
  MODIFY `id` int(11) NOT NULL AUTO_INCREMENT, AUTO_INCREMENT=201;

--
-- AUTO_INCREMENT for table `materials`
--
ALTER TABLE `materials`
  MODIFY `materials_id` int(11) NOT NULL AUTO_INCREMENT, AUTO_INCREMENT=13;

--
-- AUTO_INCREMENT for table `materials_list`
--
ALTER TABLE `materials_list`
  MODIFY `list_id` int(11) NOT NULL AUTO_INCREMENT, AUTO_INCREMENT=8;

--
-- AUTO_INCREMENT for table `overtime`
--
ALTER TABLE `overtime`
  MODIFY `id` int(11) NOT NULL AUTO_INCREMENT, AUTO_INCREMENT=61;

--
-- AUTO_INCREMENT for table `payslip`
--
ALTER TABLE `payslip`
  MODIFY `payslip_id` int(11) NOT NULL AUTO_INCREMENT, AUTO_INCREMENT=80;

--
-- AUTO_INCREMENT for table `position`
--
ALTER TABLE `position`
  MODIFY `id` int(11) NOT NULL AUTO_INCREMENT, AUTO_INCREMENT=21;

--
-- AUTO_INCREMENT for table `project`
--
ALTER TABLE `project`
  MODIFY `id` int(9) NOT NULL AUTO_INCREMENT, AUTO_INCREMENT=12;

--
-- AUTO_INCREMENT for table `project_employee`
--
ALTER TABLE `project_employee`
  MODIFY `id` int(11) NOT NULL AUTO_INCREMENT, AUTO_INCREMENT=291;

--
-- AUTO_INCREMENT for table `project_files`
--
ALTER TABLE `project_files`
  MODIFY `id` int(11) NOT NULL AUTO_INCREMENT, AUTO_INCREMENT=2;

--
-- AUTO_INCREMENT for table `project_leader`
--
ALTER TABLE `project_leader`
  MODIFY `id` int(10) NOT NULL AUTO_INCREMENT;

--
-- AUTO_INCREMENT for table `project_materials`
--
ALTER TABLE `project_materials`
  MODIFY `id` int(50) NOT NULL AUTO_INCREMENT, AUTO_INCREMENT=34;

--
-- AUTO_INCREMENT for table `project_materials_log`
--
ALTER TABLE `project_materials_log`
  MODIFY `id` int(9) NOT NULL AUTO_INCREMENT;

--
-- AUTO_INCREMENT for table `schedules`
--
ALTER TABLE `schedules`
  MODIFY `id` int(11) NOT NULL AUTO_INCREMENT, AUTO_INCREMENT=16;
COMMIT;

/*!40101 SET CHARACTER_SET_CLIENT=@OLD_CHARACTER_SET_CLIENT */;
/*!40101 SET CHARACTER_SET_RESULTS=@OLD_CHARACTER_SET_RESULTS */;
/*!40101 SET COLLATION_CONNECTION=@OLD_COLLATION_CONNECTION */;
